Date,SMALL LoBM,ME1 BM2,ME1 BM3,ME1 BM4,SMALL HiBM,ME2 BM1,ME2 BM2,ME2 BM3,ME2 BM4,ME2 BM5,ME3 BM1,ME3 BM2,ME3 BM3,ME3 BM4,ME3 BM5,ME4 BM1,ME4 BM2,ME4 BM3,ME4 BM4,ME4 BM5,BIG LoBM,ME5 BM2,ME5 BM3,ME5 BM4,BIG HiBM
1963-07-01,0.8587,-0.6332,0.45230000000000004,-0.3113,-1.5147,-2.0776000000000003,-0.07710000000000003,-1.2849,-2.2449000000000003,-1.458,-2.6227,-1.5947,-1.0083,-2.4029,-2.0225999999999997,-1.1815,-2.0433000000000003,-2.1868,-1.8445,-2.1273999999999997,-0.13090000000000002,0.21389999999999998,0.8659999999999999,-0.6985,-1.3745
1963-08-01,3.9896000000000003,1.123,1.2417,2.2568,4.4144,5.3203,4.272,4.195,4.2162,7.995100000000001,4.8379,5.0555,5.1331,4.5913,4.9062,5.3254,4.4969,6.0016,7.4441,5.0956,5.5323,4.0133,4.3841,7.920400000000001,6.1484
1963-09-01,-2.0042999999999997,0.35039999999999993,-1.2707,-1.7915,-0.6284000000000001,-4.3225,-1.7772000000000001,-1.1338,-1.7635,-3.1943,-4.6015,-2.069,-0.6003000000000001,-1.2441,-2.1027,-2.9344,-2.4163,-2.0582000000000003,-4.2341,-2.2702,-1.6452,-1.0781,-1.1197,-0.46120000000000005,-3.7733
1963-10-01,0.08780000000000004,-1.0229,1.0166,-0.09959999999999997,2.0811,0.9026000000000001,3.9511000000000003,2.0625999999999998,2.0158,3.6414,2.1050999999999997,0.133,2.4561,2.2338999999999998,0.7796000000000001,-0.5315,0.409,2.2314,4.5624,0.32380000000000003,5.0361,1.452,-0.6254,2.1276,0.18020000000000003
1963-11-01,-3.6019,-4.1136,-2.0593,-1.3235000000000001,-1.3777,-4.5296,-2.0183999999999997,-1.0545,-0.3254,-0.385,-3.2657,-1.6481000000000001,-1.3192,-1.0766,-1.4863,-1.1783000000000001,-0.9011,-1.0216,1.0896,3.2707,-1.5369,0.738,-1.9614,-2.4016,1.0796
1963-12-01,-2.6335,-1.2465,-1.2266,-1.9455,-1.2897,-1.1593,-1.0482,0.7384,0.5458000000000001,-0.177,0.004599999999999993,1.4092,1.0512,1.3066,0.1738,-0.4462,0.9306999999999999,1.4498,2.9988,5.8781,2.3668,2.0322999999999998,1.8984999999999999,2.2247,1.8454000000000002
1964-01-01,3.5925000000000002,2.5728,3.9220000000000006,3.7493,4.6503000000000005,-2.3289999999999997,-0.7915,3.3368,1.2616,3.8813000000000004,-0.2007,0.2507,2.4314,3.5647,2.9166000000000003,-0.7314,1.5531,0.9447999999999999,3.3021000000000003,3.0329,2.7631,2.8961,1.3725,1.7133999999999998,1.3235999999999999
1964-02-01,2.6226000000000003,2.559,2.0423999999999998,0.0736,4.2144,1.3598,1.4694,2.3531000000000004,1.8853000000000002,5.8443000000000005,-0.13640000000000002,2.766,1.3722,3.4931,3.7540000000000004,2.3343,1.3019,2.5843999999999996,6.9447,4.3521,1.5671,0.2632,0.7594000000000001,3.7389,3.4966999999999997
1964-03-01,0.1653,1.1761,1.7612,3.3918,2.2128,2.0418,2.8964,3.0467,5.3506,5.852200000000001,-1.1209,2.6738,4.0341000000000005,5.254700000000001,6.4619,1.4649999999999999,2.6667,4.9397,6.818700000000001,0.4147,0.8474999999999999,0.45349999999999996,3.3137,3.5282,-0.1609
1964-04-01,-1.8667,2.3218,-0.7465999999999999,-1.2086,-1.043,-1.2022,-4.1747,0.467,-1.9587,-0.9475,-2.3705,-1.5353,-0.002599999999999991,-1.0534,-1.3148,-2.9945,0.0534,1.6884,-2.9284,-2.5705,-0.06279999999999997,1.1844999999999999,0.5182,-1.1954,2.1247
1964-05-01,-1.499,-1.4853,0.16499999999999998,0.2218,1.098,2.8842999999999996,0.1496,2.7188999999999997,1.5862,3.4808000000000003,-0.7307,1.4349,-0.514,1.7109,2.2343,0.9314,2.0392,1.0959,1.0681,3.8390000000000004,1.7998999999999998,0.07040000000000002,0.9176,4.0259,3.1368
1964-06-01,1.6443999999999999,0.12780000000000002,0.9083999999999999,0.5025,0.8334999999999999,0.5851,1.3658,1.5667,0.8353999999999999,1.9155,0.5905,1.8595,1.9361,2.2761,0.9486999999999999,0.7927,1.1771,0.8034999999999999,2.1965000000000003,2.8119,0.6744000000000001,2.5644,0.1437,1.0682,2.1217
1964-07-01,0.8367,3.3022,3.8156,2.2984,4.431,0.5709,1.7631,3.6801000000000004,2.5795000000000003,2.1535,2.5097,2.3283,2.7991,2.8914,0.9372,1.2586,3.0062,1.3201,1.4744,3.2825,2.2598000000000003,0.3934,3.5954,1.5783,0.6931
1964-08-01,1.4173,-2.8318000000000003,-2.0284,-1.0849,-0.7631,-2.0959000000000003,-2.5178000000000003,-1.5122,0.06309999999999999,-2.146,-3.0651,-0.7050000000000001,-0.09330000000000002,-0.3932,-2.5408999999999997,-1.3622,-0.17170000000000002,0.6831999999999999,-0.29390000000000005,-1.4536,-1.5539,-1.8404,-0.3592,-1.1764000000000001,-3.183
1964-09-01,5.1562,2.6990999999999996,5.9509,2.4879999999999995,3.6417,3.0706999999999995,2.4852,1.9502,1.9063,4.4287,1.4822,1.7733,3.151,2.7961,3.4701000000000004,2.8499999999999996,3.0462,3.8621,4.3835999999999995,3.9856,2.8064999999999998,1.067,4.003,4.2321,6.573799999999999
1964-10-01,1.6091,-0.19949999999999998,4.8591,1.6436,3.0429,-1.6336,0.9199999999999999,2.3137,0.9335,1.0673,2.9219,3.199,1.6559,0.8680999999999999,2.4249,0.6405000000000001,1.0055,0.9924999999999999,2.9758999999999998,3.4665,0.03210000000000002,0.8002,0.2799,0.23969999999999997,3.0021999999999998
1964-11-01,-0.5907,-0.44089999999999996,0.6017000000000001,0.39230000000000004,0.23980000000000007,-1.257,-0.12259999999999999,-0.48729999999999996,-0.9429000000000001,-2.057,1.3226,0.3129,-0.18939999999999999,0.11170000000000002,-0.3485,0.3653,1.3538,-1.3052000000000001,-1.1272,-5.0087,0.7317,-0.6573,1.3522,-1.576,-4.9742
1964-12-01,-1.7826,-1.5479,-3.435,-2.9898000000000002,-2.1028,1.1389,-0.4586,0.8792,-2.7964,-1.2564,-0.194,0.27799999999999997,-0.5775,-1.9949000000000001,-0.9896,1.1014,-0.2998,-1.8127,-1.265,-1.6366,0.48900000000000005,1.1109,-1.2609,-1.3788,-1.6483
1965-01-01,8.1766,6.0773,6.5933,6.396199999999999,8.4768,7.5949,5.1861999999999995,5.6436,5.4323999999999995,5.898499999999999,4.9274,5.9246,4.8332999999999995,5.680899999999999,6.776,5.2463,4.0066999999999995,4.8609,4.8365,6.541799999999999,4.4402,0.9722,2.5429000000000004,3.2554,3.3201
1965-02-01,1.5637999999999999,0.20990000000000003,2.2255000000000003,2.8923,3.3524000000000003,3.0795000000000003,3.9289000000000005,3.4383000000000004,3.1098000000000003,3.2904,3.599,4.1372,4.492500000000001,2.9175,2.9010000000000002,1.0902,3.1228000000000002,3.6336000000000004,2.9034,1.3801999999999999,-0.1142,-0.3448,-0.426,-0.8376999999999999,-1.4935
1965-03-01,1.2976,1.9632,0.9065,2.2185,2.8314,1.7361,-2.2894,1.0379,1.5287000000000002,0.21940000000000004,-0.6507000000000001,-0.416,-0.6811,0.9699000000000001,0.27780000000000005,-1.1585,-0.6832,-0.651,0.07490000000000002,1.4583,-1.6836000000000002,-1.94,-2.1643,-1.0765,-0.019699999999999995
1965-04-01,3.7573000000000003,4.1029,4.479,4.134,4.2786,-0.1541,4.7205,3.6149,4.3986,4.7212000000000005,2.495,2.8103,3.5498,3.4142,6.4919,2.3091,2.8843,4.3185,4.0821000000000005,1.8466999999999998,4.2763,1.5637999999999999,1.8567,1.8963999999999999,4.139900000000001
1965-05-01,-0.7646,-2.9056,-1.6027,-1.0898,-1.5223,0.7437,-1.0492,-1.4664000000000001,-0.2259,-2.4304,-0.8878999999999999,-0.059599999999999986,-1.3393000000000002,-1.1771,-0.8973,-1.2751,-0.277,-1.419,-0.6776,-3.6814,-1.0644,0.5202,-0.39490000000000003,-0.6711,-3.8810000000000002
1965-06-01,-12.9386,-10.7913,-9.7109,-8.2796,-9.9199,-10.7067,-8.963099999999999,-9.332799999999999,-8.7397,-8.6495,-6.9822999999999995,-9.571,-8.8672,-8.8807,-8.7834,-6.706799999999999,-7.3267999999999995,-8.2886,-9.027899999999999,-8.7849,-4.7806,-4.0174,-5.286499999999999,-4.1556,-5.828799999999999
1965-07-01,2.0978,3.1628,3.3433,1.8933,3.8871999999999995,3.4655,1.3487,2.6137,3.1688,4.197,1.216,4.3167,2.2795,4.050000000000001,4.376600000000001,2.2935,2.8614,3.5886,2.3444,5.94,1.2135,-0.3121,1.6097,3.7781,4.5177000000000005
1965-08-01,2.1736,5.1053999999999995,4.8265,3.6279,3.6833,6.9691,3.9059999999999997,4.5947,4.5906,3.613,7.7768,4.2358,7.4212,2.9217999999999997,6.2199,3.4779,3.8456,4.9723999999999995,2.6682,4.5452,2.9345,0.9650999999999998,3.1094999999999997,0.7967,1.8512
1965-09-01,3.1611,5.6172,0.9643999999999999,3.6887,3.0611,5.5217,3.4815,2.578,4.3013,2.3059,2.1431,2.8562,3.0061999999999998,4.8950000000000005,4.1935,2.9893,3.7914,1.2528,2.5904,3.539,3.6189,1.9918,2.0665999999999998,3.2169,2.9183
1965-10-01,5.848400000000001,8.643799999999999,5.746300000000001,5.3497,8.7533,3.7841,7.5556,3.4485,5.5102,4.9035,4.090000000000001,3.937,5.277500000000001,5.4229,4.733700000000001,3.7479999999999998,3.0583,2.5671,4.171900000000001,7.7686,2.8289,-0.096,2.7447,4.1126000000000005,4.9116
1965-11-01,3.8046,6.3899,2.359,7.5163,6.1158,1.0654,4.743200000000001,3.9701,4.8665,3.7022,3.0046,2.763,5.346500000000001,2.1693,2.7072,3.3404,2.3167,3.2979,0.6960000000000001,5.118200000000001,-0.667,-2.1793,0.9,-1.6398000000000001,-2.6710000000000003
1965-12-01,6.9063,6.4126,1.8085,3.5299,4.7185,3.432,3.4445,2.8959,3.0594,7.022,2.3102,0.5787,3.6206,1.5992,5.0428999999999995,0.9424999999999999,0.9198999999999999,1.2233999999999998,3.9969,4.9791,0.6817,-0.5535,1.0004,2.4694,2.3868
1966-01-01,5.2088,6.1974,7.743100000000001,9.4246,9.259599999999999,6.0639,6.0542,4.343,4.7476,5.3935,4.0661000000000005,2.0220000000000002,2.519,4.4055,4.5764000000000005,0.5205,1.4975,4.8413,3.8716,5.7652,-0.7531,-0.951,1.3199,2.6733000000000002,2.7625
1966-02-01,6.566800000000001,5.452100000000001,1.4619,4.3209,6.0304,5.1416,4.2883000000000004,1.2988,-0.33759999999999996,2.8369,-0.7411,1.1179999999999999,4.2824,1.5309,4.256200000000001,0.9310999999999999,-1.0962,0.0932,0.2604000000000001,2.1831,-1.6835999999999998,-2.6607000000000003,-2.0611,-2.3366,-2.0776
1966-03-01,1.4207999999999998,-1.8919000000000001,-2.8817,-1.0832000000000002,-1.8487,-0.19390000000000002,-2.3939,-2.5263999999999998,-4.1519,-2.4137,-2.0097,-5.1428,-2.7927,-3.8079,-4.1747000000000005,-0.12240000000000001,-1.8113000000000001,-3.9089,-2.772,-3.7643999999999997,-1.8516,-3.8361,-1.4378000000000002,-2.5235,-5.4427
1966-04-01,10.6154,4.252,5.0876,6.2904,4.2404,2.0584000000000002,4.4367,3.6694000000000004,7.1353,8.453,3.3562000000000003,3.4313000000000002,3.184,4.1457,2.2390000000000003,3.5867,2.3798000000000004,3.2347,4.4864,0.4106,1.7703999999999998,1.6595,0.8345,2.0666,1.4525
1966-05-01,-12.6167,-13.623800000000001,-10.7459,-11.1327,-12.3399,-10.3676,-10.2188,-9.0624,-10.5398,-9.1654,-6.3553,-7.112,-8.6173,-10.5467,-10.2308,-5.4561,-5.5302,-7.4324,-9.2291,-10.6488,-4.6061000000000005,-4.3591999999999995,-5.2771,-5.9303,-5.8863
1966-06-01,-1.1671,-0.4793,0.924,1.0232999999999999,-0.02729999999999999,1.2948,-0.2943,-0.4501,-1.0695000000000001,-0.12890000000000001,-0.1539,-0.5532,2.1897,-0.9168000000000001,-0.8205,-1.1718,-0.7072,-0.5045,2.9573,0.6683,-2.3806,-1.8666,-0.9961,0.4736,-1.5769000000000002
1966-07-01,-2.4532000000000003,-2.1497,-2.6588000000000003,-0.3702,-1.2953000000000001,-3.5173,-2.196,-1.278,-2.0568,-1.7797,-1.3247,-2.3839,-1.1641,-1.0398,-1.6932999999999998,-1.0110000000000001,-1.9977,-2.3713,-2.9807,-2.5952,-2.052,-1.7911000000000001,-1.1037,0.561,-1.6768999999999998
1966-08-01,-12.6204,-10.807,-10.0801,-11.259,-10.8668,-13.1877,-10.9428,-10.1689,-10.0576,-11.345600000000001,-11.1481,-8.8901,-8.4061,-10.5206,-9.0839,-10.2103,-7.9471,-8.5246,-7.7103,-9.6426,-7.6549000000000005,-9.1355,-6.0484,-6.633,-8.3977
1966-09-01,-2.3817,-2.4619999999999997,-2.2683,-2.1764,-1.5657,-2.2287,0.803,-2.1186,-1.988,-2.5096,-2.6966,-4.891500000000001,-0.14170000000000005,-0.7268,-1.6484999999999999,-1.5204,-0.3618,-1.1889,-3.6195999999999997,-1.0264,-1.6528,0.4891,0.06279999999999997,-0.13140000000000002,-2.0183
1966-10-01,-8.309099999999999,-5.2869,-4.6885,-1.9253,-1.9422,-5.8146,-1.1218,-1.2318,-0.38230000000000003,-0.7129000000000001,-2.0618,0.6560000000000001,3.1469,4.5367999999999995,1.2726,0.09990000000000004,4.332,3.7157,2.4951999999999996,1.298,2.6654,4.7255,8.718200000000001,5.8271,6.0622
1966-11-01,7.745899999999999,3.7886,4.1572,2.1215,3.1416,7.107799999999999,2.5799000000000003,6.876799999999999,1.2877999999999998,2.1243000000000003,8.801499999999999,5.643199999999999,1.2711000000000001,4.024699999999999,-0.437,8.1828,1.2944999999999998,0.37829999999999997,2.6085000000000003,0.38169999999999993,3.1384000000000003,1.7824,-2.8325,-1.8548,-1.4891
1966-12-01,3.4379,2.3889,1.7336,0.9139,-0.18520000000000003,4.351,2.7411,1.0104000000000002,1.6928,0.3712,2.3632,2.7471,0.5474,2.72,-0.13820000000000005,2.7387,2.0944000000000003,0.787,3.2508,1.4842,-1.2373,-0.4127,1.0665999999999998,-0.5389,-0.5215000000000001
1967-01-01,20.3949,18.8639,18.1672,21.0592,16.9162,16.5474,16.0542,16.708000000000002,17.2139,19.625,16.3891,13.8109,11.6873,12.8088,13.9351,9.4735,6.244800000000001,9.4169,11.8609,13.2715,7.2697,6.7531,4.5314000000000005,7.4276,13.3538
1967-02-01,6.4939,5.5077,5.1848,3.5723000000000003,5.513599999999999,2.8821000000000003,2.7109,0.6997000000000001,3.0656000000000003,1.2976,1.7438000000000002,1.9484,1.338,0.3922,0.41059999999999997,2.4767,-0.7384999999999999,-0.7912,1.2576,-0.20689999999999997,1.8756,0.4456,-1.1355,-1.2487,-1.6991
1967-03-01,6.875,5.7898000000000005,4.673900000000001,7.2296000000000005,4.771400000000001,6.4794,5.803800000000001,6.8386000000000005,6.2384,5.6832,4.9851,4.957400000000001,4.2526,7.6094,3.8240000000000003,5.7117,3.5391999999999997,4.7487,4.6911000000000005,6.1052,3.8497,2.7287,2.8790999999999998,4.283600000000001,4.9215
1967-04-01,6.116499999999999,3.3657000000000004,3.0376000000000003,4.1155,3.3843,2.8504,3.5246,5.1854,3.2468000000000004,3.2034000000000002,5.3439,3.2033,2.4914,5.2492,2.7038,6.4687,2.5376000000000003,3.6942,3.6054,2.551,6.482399999999999,2.6731000000000003,-0.1308,3.2282,1.4441
1967-05-01,-0.4796,0.43639999999999995,-0.8296,-1.1813,-1.1818,-1.5405,0.21279999999999993,-1.1092,-2.6589,-3.8652,-3.2985,-1.4264000000000001,-1.8366,-1.231,-2.3012,-2.5156,-0.7356,-3.1192,-0.5272,-1.101,-5.961,-4.627,-4.5158000000000005,-4.0682,-4.0135
1967-06-01,15.2757,10.6418,13.0381,12.1509,8.946,9.9746,6.569599999999999,6.242800000000001,8.0248,6.2875,5.0921,8.0009,3.9289,5.1084,3.2245,2.9488,1.9891999999999999,2.4872,7.183299999999999,5.795,1.1180999999999999,0.20499999999999996,1.451,2.6325,2.8248
1967-07-01,9.0609,9.0517,10.0714,7.3724,11.825099999999999,6.8639,5.9695,8.897599999999999,9.0978,7.931699999999999,5.1288,4.4487,5.7497,7.1503,11.3893,4.5167,4.2174,4.9467,6.2677,8.4452,4.1118999999999994,5.4383,1.7238,5.5484,6.1309
1967-08-01,-1.2205,0.29619999999999996,0.2969,-0.1697,1.7479,-1.2928,-1.5246,0.31729999999999997,0.09749999999999998,0.7233,-3.1663,0.6400999999999999,1.0667,0.9702999999999999,-0.944,-1.1383,-1.2324,-1.6118000000000001,1.4741,3.4825,-0.893,-1.4337,-1.6698,0.1416,1.0265
1967-09-01,11.0173,9.497,8.1027,7.2372,4.5073,4.6773,5.4818,7.214099999999999,5.165,2.6630000000000003,5.3293,1.7486,2.4347000000000003,4.2044,2.4222,3.4052000000000002,1.1364999999999998,2.3784,3.7573000000000003,0.08039999999999997,3.498,2.8132,2.9681,1.3104,-0.07750000000000001
1967-10-01,1.3915000000000002,-4.5716,-1.8626999999999998,-1.8258999999999999,-2.9434,-1.9083,-2.3204,0.3254,-3.4115,-5.1423,-3.7072000000000003,-1.6267999999999998,-3.5067,-3.4559,-3.0836,-4.677899999999999,-6.1761,-6.0935999999999995,-2.9570000000000003,-5.6932,-0.7376,-4.3626,-3.115,-6.314299999999999,-6.904999999999999
1967-11-01,-1.2294,3.5003,-1.1775,-1.9388,-1.5533000000000001,0.611,0.14400000000000002,2.2194000000000003,-0.37939999999999996,-0.04630000000000001,2.8774,-0.6663,0.3598,-0.6769000000000001,-1.1831,2.9759,0.2098,-0.3031,0.21430000000000005,-1.0471,0.9439000000000001,0.09410000000000002,-0.33399999999999996,-0.9042,-0.30679999999999996
1967-12-01,13.3957,10.1924,7.671799999999999,9.0392,9.8546,11.6078,6.1935,9.222,6.6476999999999995,9.107099999999999,7.3262,5.3136,5.091,4.8549,6.2896,1.0655,2.4365,3.8319,4.3403,3.3899,1.626,2.7877,1.847,5.2773,2.4602999999999997
1968-01-01,2.2007,1.7568000000000001,2.8586,2.8325,5.978199999999999,-4.579400000000001,-3.1014999999999997,-0.333,0.8240999999999999,1.8682000000000003,-7.0526,-1.0312000000000001,-0.9653,-0.9234,2.7685,-8.3505,-0.3175,-3.2779,-0.3589,-0.8315,-6.7532000000000005,-6.1055,0.1894,-2.6886,-4.2571
1968-02-01,-10.5469,-7.3664,-6.0728,-7.2866,-6.3847,-7.4692,-6.1152,-9.2561,-3.6771000000000003,-5.895499999999999,-7.1642,-4.4491,-3.3955,-2.5097,-5.0882,-5.6213,-4.0601,-3.1688,-5.6482,-4.2237,-3.3885,-2.7435,-2.3988,-3.654,-2.2463
1968-03-01,-1.7934,-0.3892,-0.7972,-2.4048,-0.5551,-1.2527,-1.8946,-0.043200000000000016,-1.6549,-0.7586999999999999,1.5383,-1.2808000000000002,-2.3778,0.35919999999999996,-0.9945,0.1704,-0.6764,-1.8975,-0.6558999999999999,-0.6646000000000001,2.6949,-1.6692999999999998,-0.6575,-2.1689,1.6592000000000002
1968-04-01,20.7298,17.2366,16.4468,15.7834,15.255600000000001,18.3602,12.7318,16.6265,11.5645,12.460700000000001,15.4041,11.1082,7.9672,9.886000000000001,17.3212,12.2924,6.6381000000000006,8.444,11.9059,11.2321,10.357000000000001,6.820200000000001,2.9595,8.9817,10.0892
1968-05-01,10.234100000000002,12.0439,9.968100000000002,11.2849,11.335,11.097700000000001,7.426,7.729299999999999,6.5546999999999995,6.1457,8.1903,3.7032,4.9035,4.650399999999999,6.7606,4.1204,4.2113,2.294,2.1933,5.7619,1.8344000000000003,0.6589,-1.1314,-1.4419,4.2143999999999995
1968-06-01,-1.5692,-0.2291,0.8994,1.8092,-0.27849999999999997,-1.0209,1.1065,-2.1310000000000002,0.9939,0.34370000000000006,-2.3958,2.5403,2.8419,1.2185000000000001,0.6837,-0.4004,3.0736,3.1805,2.5423,-3.0035000000000003,-0.5105,0.4471,3.5958,2.7500999999999998,-2.0262000000000002
1968-07-01,-5.1585,-5.097899999999999,-4.3331,-1.2199,0.1986,-9.4158,-3.4585,-2.4841,-0.9064,-0.7711,-6.1167,-5.0929,-3.689,-1.3589,-0.6704,-6.137499999999999,-3.5537,-3.9654,-1.9797,-2.6048999999999998,-5.6883,-1.7434,2.5084,0.46099999999999997,0.16010000000000002
1968-08-01,4.1268,5.516,4.4467,4.2339,4.4829,1.3089000000000002,2.5275,3.1469,0.7381,6.6334,2.5114,2.4395000000000002,2.2636000000000003,2.3888000000000003,4.542,1.2717,0.9306000000000001,1.3619,1.5507,2.5424,0.7762,-0.034499999999999975,1.7703000000000002,1.2385000000000002,2.0388
1968-09-01,6.8824000000000005,8.0348,6.6143,5.2996,5.9631,6.759600000000001,5.771100000000001,6.710100000000001,5.332400000000001,5.7189000000000005,6.995500000000001,6.4438,3.4429,5.2259,5.7598,6.3682,5.3904000000000005,4.9646,6.4554,5.6525,1.518,4.979900000000001,1.9674000000000003,3.7628999999999997,8.244
1968-10-01,-2.105,-0.4485,0.9702,-0.06,1.2730000000000001,-0.8009999999999999,0.4168,1.1225,2.0658,0.5081,-0.4079,1.9357000000000002,2.2465,2.3737,0.5361,-0.1999,-0.4384,2.1715,0.5536000000000001,1.9750999999999999,-2.1701,1.638,1.5929000000000002,3.2825,0.7224000000000002
1968-11-01,6.7238,7.3258,6.0899,5.8393,6.4853000000000005,9.5571,8.9162,7.1804,8.7256,5.4688,8.1436,6.8542000000000005,7.8864,8.9915,7.3307,6.54,7.1166,6.6892000000000005,7.0046,7.5492,5.8524,2.5213,5.4195,4.11,3.6813000000000002
1968-12-01,3.3196,2.0343,0.2658,-0.6949000000000001,0.11030000000000001,-0.3478,0.16240000000000004,-2.0417,-3.5305,-3.8854,-3.0503,-4.492999999999999,-1.5026,-0.4211,-3.2327000000000004,-4.7264,-4.6082,-4.595,-1.8965999999999998,-1.1498,-5.679399999999999,-4.6487,-3.6444,-3.9328000000000003,-3.5006000000000004
1969-01-01,-1.0292,-2.7836,-2.31,-1.4006,-1.8011,-3.5584,-1.2356,-2.1199000000000003,0.7162999999999999,0.01100000000000001,-4.0158,-1.3484,-0.15250000000000002,-1.9375,-1.7378,-2.5814000000000004,-0.2091,-0.8765000000000001,-0.7046,0.5634999999999999,-2.6938000000000004,-0.9018,0.2077,-0.9019,0.8568
1969-02-01,-13.0197,-11.0335,-9.690000000000001,-9.129600000000002,-9.370000000000001,-11.307500000000001,-8.838700000000001,-5.6443,-7.2691,-8.2164,-9.636000000000001,-9.031,-7.3236,-6.7484,-6.2697,-8.772,-7.4942,-5.7494,-7.6802,-8.917700000000002,-3.7116,-3.9551,-5.3629,-5.0755,-6.6813
1969-03-01,2.7175000000000002,1.8774000000000002,3.3258,3.1332,2.0514,3.7270000000000003,0.7319,1.5250000000000001,-0.12320000000000003,5.0159,1.06,2.1139,1.1689,1.5175,2.2811,4.1843,-2.5194,1.9788999999999999,0.9916,2.8846,3.8038,2.2298,3.5947000000000005,1.5398,4.2976
1969-04-01,0.8014999999999999,-1.3860999999999999,1.196,1.1206,0.010499999999999954,1.2862,1.1888,0.4195,-1.0134,4.1494,1.4957,0.09229999999999994,0.5444,0.7847999999999999,-0.043300000000000005,2.449,1.578,-0.24670000000000003,-0.9303,1.1839,3.215,0.4394,0.4888999999999999,2.5141999999999998,0.2148
1969-05-01,0.4821,0.49060000000000004,0.28380000000000005,0.5556000000000001,-0.6988,-2.0343,-2.2676,-1.3881999999999999,-0.35259999999999997,0.005700000000000038,-0.5487,0.2612,1.5293999999999999,0.36419999999999997,-2.3799,-0.6945,-1.1301,0.8988,0.4004,-2.2637,-0.9541,0.26370000000000005,0.45130000000000003,0.9990000000000001,-0.06869999999999998
1969-06-01,-14.7777,-13.4337,-14.225999999999999,-12.9197,-12.83,-12.7363,-11.7983,-9.6753,-10.4635,-11.465399999999999,-10.9343,-10.2568,-11.648299999999999,-10.345699999999999,-9.5876,-7.4813,-9.4436,-7.7006,-9.2022,-8.7373,-2.308,-7.0199,-8.367,-7.1507,-8.9786
1969-07-01,-13.618599999999999,-12.1092,-11.1955,-10.976999999999999,-8.4686,-11.103,-10.6649,-8.9359,-7.7027,-8.6198,-10.6122,-11.0283,-7.268400000000001,-6.1243,-8.593499999999999,-7.0708,-8.1273,-6.840800000000001,-7.0279,-8.3276,-4.6322,-6.261,-7.6951,-8.011,-6.166
1969-08-01,4.6664,4.2177,4.2018,2.6948,2.2792,6.5376,6.1782,3.4889,2.9015,2.7166,9.1532,8.3147,6.3607,2.3186,4.9995,9.0114,5.5438,3.4946,3.5895,1.8996,6.5853,4.07,3.5266,3.8747999999999996,1.431
1969-09-01,-3.4284,-5.1638,-6.2159,-3.0152,-4.0613,0.6061,-1.5167000000000002,-2.5522,-1.5114,-2.0741,0.0363,-0.7219,-2.3957,-3.1374,-3.9667,-0.2851,-1.6880000000000002,-2.8080000000000003,-4.1407,-4.2678,-1.117,-2.9032,-4.0325,-5.6877,-5.2107
1969-10-01,13.514100000000001,12.413,8.5022,7.5981000000000005,5.7339,10.362,7.933,6.0793,5.7694,6.670400000000001,8.3481,6.8783,6.9712000000000005,8.5595,6.2412,8.3949,5.2591,7.6967,5.8223,4.3406,5.4671,4.6493,3.8303,1.5168,3.1795
1969-11-01,-9.257,-7.929600000000001,-6.040900000000001,-6.9809,-7.8687000000000005,-3.8324,-5.8843,-3.9156,-6.339,-6.212,-5.0116,-5.2935,-6.9231,-3.8937,-6.0189,-2.7713,-4.393800000000001,-3.2621,-6.2102,-6.516500000000001,-1.9801,-3.8314,-4.2696000000000005,-5.3165,-2.4736000000000002
1969-12-01,-8.8361,-8.3878,-5.5165999999999995,-9.5408,-9.3015,-5.1812,-6.814,-7.6968,-7.0,-6.6106,-3.0293,-2.7416,-4.6052,-5.818,-5.8572,-0.006199999999999983,-5.294,-2.4591,-2.7798000000000003,-4.6322,0.24570000000000003,-2.3439,-1.7273999999999998,-2.8693,-5.9167
1970-01-01,-5.2172,-4.0023,-4.6822,-3.1366,-0.49849999999999994,-8.1478,-6.8393999999999995,-2.6779,-4.6998,-3.2395,-10.312199999999999,-7.4913,-8.7552,-4.4098,-3.8240000000000003,-8.2732,-11.947899999999999,-7.958399999999999,-7.138999999999999,-6.4901,-9.051499999999999,-7.578399999999999,-9.77,-9.6016,-4.866899999999999
1970-02-01,1.5318999999999998,3.0164999999999997,3.675,2.6099,3.6821,3.7656,1.5221,2.6473,7.569500000000001,6.9062,2.6973,2.4995,5.644,4.9304,6.5815,3.0126999999999997,4.9084,5.6285,8.859300000000001,6.2862,2.944,5.3655,8.502600000000001,6.0811,7.5607999999999995
1970-03-01,-6.9972,-5.4492,-3.6626,0.2985000000000001,-1.8687,-6.732200000000001,-3.4524,-0.7403,-0.7162,0.3026000000000001,-4.1473,-2.1318,-1.0459999999999998,1.5301,0.7084,-4.8307,-0.33219999999999994,1.2633,-0.30099999999999993,1.6893000000000002,-3.0492,-0.16209999999999997,1.7328000000000001,0.4646,1.0206
1970-04-01,-24.1734,-19.4231,-15.3771,-13.6027,-12.497,-23.237,-17.6412,-15.3094,-11.4185,-12.1576,-20.3262,-15.8279,-13.5001,-9.5311,-11.0444,-15.6578,-15.0823,-10.2532,-10.3377,-9.733,-11.0061,-8.6889,-9.1868,-7.6611,-8.5008
1970-05-01,-10.671999999999999,-10.5566,-9.4735,-8.1629,-11.059299999999999,-13.672799999999999,-9.1551,-11.276399999999999,-8.813699999999999,-8.9813,-11.9177,-12.0872,-13.1854,-7.3743,-8.548399999999999,-10.8682,-10.693399999999999,-8.2731,-7.3848,-8.1434,-8.8674,-5.747,-4.8108,-0.8504,-4.5208
1970-06-01,-12.9486,-8.7584,-8.1793,-8.8364,-6.6329,-10.7539,-7.5729,-8.7966,-7.6606,-6.7464,-8.575,-5.6318,-6.144,-5.1665,-7.5747,-3.3108,-5.7022,-4.651,-3.842,-10.699,-7.054,-4.3026,-3.9178,-2.9467,-8.8152
1970-07-01,4.1814,4.3237000000000005,4.8607,6.2768999999999995,3.2915,6.250400000000001,7.4436,5.173,10.597100000000001,6.699400000000001,7.4041,5.8154,8.231300000000001,5.043699999999999,6.9106000000000005,5.4977,8.8439,8.2261,8.700700000000001,10.9901,3.9784,7.605600000000001,8.5808,10.2189,5.6236999999999995
1970-08-01,4.1861,6.2364999999999995,6.6399,6.3911999999999995,5.9985,9.0974,7.475499999999999,6.8624,7.4688,3.9631999999999996,5.4803,7.5621,5.0167,6.019,6.513,4.0004,7.5203999999999995,3.3924000000000003,4.803,6.4199,3.5622999999999996,4.7505999999999995,3.8496999999999995,4.3823,5.7025999999999994
1970-09-01,22.140900000000002,15.7344,15.531100000000002,10.782499999999999,11.047699999999999,17.2926,16.7893,11.801100000000002,6.4797,9.2208,14.3006,10.2,7.542800000000001,4.4824,6.1142,8.986999999999998,5.8514,4.1162,3.4627999999999997,7.311,6.5602,-0.14060000000000006,-0.9107000000000001,-0.28540000000000004,3.862
1970-10-01,-12.0394,-7.2767,-12.028,-6.4929,-5.1115,-5.3122,-8.2752,-7.3077,-4.0318000000000005,-4.8039,-5.9259,-4.7364,-6.6002,-3.089,-5.2283,-3.403,-4.402200000000001,-3.6158,-3.8956,-6.8244,-0.5894,-1.585,-3.7786,-0.4021,-4.2305
1970-11-01,-4.993,-2.4222,-2.7758,0.5791,-0.2857,0.3412,0.8832,2.195,5.4225,3.1829,2.7643,2.1884,4.8669,3.7689000000000004,1.6885,4.3423,3.0279,5.574,7.544099999999999,4.7898,4.6548,6.3185,4.8143,5.417,5.2227
1970-12-01,6.9142,6.5284,10.439,11.334,10.1806,8.1723,8.1393,8.2341,8.8761,8.7094,5.8229,8.5815,10.0216,8.3014,8.1357,5.8156,10.3108,8.0082,9.6731,7.1563,4.3244,5.4591,6.9605,4.6778,6.4951
1971-01-01,14.957799999999999,13.0931,15.586799999999998,13.5383,15.482899999999999,7.3767000000000005,11.680299999999999,12.077399999999999,10.2571,12.822299999999998,7.833800000000001,8.7106,9.8559,7.908399999999999,9.645399999999999,5.1569,6.6496,4.7979,8.007299999999999,13.369399999999999,3.6456,4.0522,2.8214,2.5916,3.6559999999999997
1971-02-01,7.5778,7.2141,5.4417,3.0751999999999997,3.7253,3.9873000000000003,2.2359999999999998,2.7933,1.8211999999999997,0.011799999999999977,4.2078999999999995,1.2723,2.1402,0.9208999999999998,1.7288999999999999,3.1919,2.5286999999999997,0.1285,2.8344,1.2888,1.9807000000000001,0.05030000000000001,0.2829,0.19749999999999995,0.9055
1971-03-01,7.933700000000001,4.353400000000001,7.410200000000001,6.1207,4.8001000000000005,7.151,7.3298000000000005,5.2918,4.4359,1.3896,9.9775,8.764899999999999,3.0134000000000003,2.7430000000000003,4.3743,6.7845,6.0195,4.2797,1.9208999999999998,3.1981,5.4194,2.4839,4.883900000000001,1.1104,2.2049000000000003
1971-04-01,0.4324,3.1296999999999997,2.51,2.4597999999999995,1.2241,1.7046999999999999,2.3056,1.9997999999999998,2.9046000000000003,6.3685,5.987299999999999,4.084099999999999,4.4081,1.9073,8.0862,2.6607000000000003,2.878,1.5223,3.8575,8.9364,3.2382,5.3289,0.4061,2.2594000000000003,5.8773
1971-05-01,-7.5151,-5.8907,-6.988,-5.7592,-6.5282,-3.1752000000000002,-6.5001,-5.6007,-4.8424,-4.797,-4.4822,-3.0297,-5.4326,-3.7720000000000002,-4.2661999999999995,-2.125,-3.6565,-4.6234,-3.4008,-4.4304,-2.7565,-4.6236,-4.5325,-5.3157,-4.2179
1971-06-01,-1.4209999999999998,-3.7846,-2.428,-1.6061999999999999,-2.5645000000000002,3.0734999999999997,-1.9705,0.17579999999999996,-2.5563000000000002,-3.7497000000000003,-1.7073999999999998,0.8842,-1.2722,-3.1083000000000003,-1.6920000000000002,0.6481,0.7291,1.8923,0.10249999999999998,-4.4097,0.8207000000000001,-1.488,-0.01040000000000002,0.3823,-0.3836
1971-07-01,-9.093,-8.6536,-7.5377,-6.3026,-6.523700000000001,-6.654,-5.421200000000001,-4.2452000000000005,-7.2894000000000005,-6.4689000000000005,-8.1801,-5.022600000000001,-3.4208,-6.0164,-5.2645,-3.7611,-4.577500000000001,-4.2308,-4.5529,-8.0865,-4.2997000000000005,-4.6359,-3.6809,-3.6967,-5.8943
1971-08-01,2.8868,3.8853,2.7747,4.040900000000001,5.1205,3.3426,6.9808,3.0309,5.1775,7.8763,6.1052,4.083,1.8089000000000002,6.1019000000000005,8.6063,6.3931000000000004,3.3590999999999998,2.1426,2.8357,9.957099999999999,4.8777,4.397,-1.5943,1.4968000000000001,13.178899999999999
1971-09-01,1.2328999999999999,1.4628,-0.819,-0.9617,-2.5238,1.8357999999999999,-1.2646,-2.2281,-2.2991,-2.6713,0.9720000000000001,-0.3174,-1.5177,-1.314,-3.5295,1.56,-1.3235999999999999,-0.5021,-0.6222,-4.9247000000000005,-0.07279999999999998,-1.6455000000000002,-1.5998,-1.8256999999999999,-2.5185
1971-10-01,-7.9843,-7.431,-7.1332,-5.0293,-7.4925,-6.0751,-5.7362,-3.6806,-5.0069,-6.8535,-8.1664,-6.8500000000000005,-3.1008,-5.4527,-5.1211,-3.448,-3.7659000000000002,-2.615,-6.1028,-6.2204,-3.9113,-6.5229,-3.3875,-3.0771,-4.3909
1971-11-01,-3.8326000000000002,-6.3176000000000005,-3.9987,-4.8454,-5.8406,-2.4091,-2.6805000000000003,-2.0841,-3.1639,-2.4345,-2.1854,-1.5640999999999998,-1.564,-4.3262,-5.3085,-0.1727,-2.2258,-2.8595,0.377,-4.5732,0.6829999999999999,0.2982,-0.1195,-0.92,-0.08350000000000002
1971-12-01,13.745800000000001,13.590300000000001,10.6608,11.4617,12.592500000000001,12.443200000000001,13.6088,12.4023,10.716700000000001,12.119100000000001,13.2889,9.555200000000001,9.778,11.4465,11.4479,12.072700000000001,9.2134,8.252,7.632700000000001,12.1441,8.021700000000001,9.4687,8.1438,6.57,8.5755
1972-01-01,14.000900000000001,13.608500000000001,11.2559,10.4306,14.378,7.988499999999999,6.5027,5.1359,6.7006,10.1417,5.0739,4.1974,2.104,5.2207,7.7083,2.5202999999999998,1.6438,1.434,2.9188,7.6786,2.4537999999999998,0.3249,-0.9553,0.5273000000000001,6.1015
1972-02-01,2.8549,5.3233,4.0938,4.0218,3.2096,4.9015,4.2614,3.9692999999999996,1.6749,3.444,6.2906,4.132,1.4447,0.259,1.8437999999999999,5.2801,1.2944,-0.2362,1.9211,0.1498,4.4363,2.204,0.8982000000000001,0.12580000000000002,-0.1907
1972-03-01,1.7609,0.23139999999999994,-2.0962,-1.6569,-1.1186,1.7605,1.3717,-1.1764999999999999,-1.0054,-1.6261,2.3555,0.7873999999999999,1.3483,0.5801999999999999,-1.6941,0.7164,-0.5484,2.907,1.3881999999999999,0.899,2.2721999999999998,0.2036,-3.3786,-2.1793,2.5862
1972-04-01,-0.17169999999999996,0.301,-1.3259,0.7628999999999999,0.8816999999999999,-0.09769999999999998,0.31460000000000005,1.7690000000000001,1.2504,1.3276999999999999,1.5015,-1.274,-0.3166,0.8169,-0.4765,-1.2659,-0.9018999999999999,-0.6645,0.9622999999999999,3.2300999999999997,0.6914,0.9841,-0.10129999999999997,-0.13169999999999998,-1.3834
1972-05-01,-2.3590999999999998,-2.27,-4.0037,-2.4705,-2.7142,-0.7057,-1.875,-2.2418,-3.7782,-2.0592,1.1502999999999999,-2.4581999999999997,0.7055,-1.4291,-4.3373,3.8909000000000002,-2.2079999999999997,-1.6047,-0.4437,0.33270000000000005,2.978,-0.8755999999999999,2.7205000000000004,0.6967000000000001,-2.9838
1972-06-01,-4.4886,-4.5556,-3.7904,-3.3035,-4.29,-4.232,-3.5906000000000002,-1.8447,-1.6459000000000001,0.6441000000000001,-0.12219999999999998,-2.251,-4.2456,-5.6219,-6.1558,-4.53,-2.5003,-2.4452,-4.8765,-8.097299999999999,-1.0018,-3.7658,-2.8774,-2.6338,-6.9653
1972-07-01,-7.0470999999999995,-5.3527,-3.8986,-3.9017,-3.1095,-5.6513,-5.1712,-3.7521,-2.2466,-4.5051,-3.6755,-1.7809000000000001,-3.4731,-1.2883,-0.6673,-3.9442,-3.1361,-2.3781,-0.3042,-2.8904,1.306,-1.849,-0.055999999999999994,-1.6846,-1.9551
1972-08-01,-1.797,-2.6455,0.8338999999999999,-0.7568999999999999,1.9596,-0.7963,-1.9165,1.3423,1.3227,4.9634,-0.06489999999999999,1.8437999999999999,2.5198,5.3872,2.5555,-0.15789999999999998,2.4095,4.5951,4.9613,6.7315,0.46280000000000004,6.5295,7.1098,8.622300000000001,5.8766
1972-09-01,-5.1916,-5.1895999999999995,-4.801,-4.2829,-4.4995,-3.847,-4.1235,-2.409,-2.8691999999999998,-3.3158,-1.6599000000000002,-3.1935,-1.3379,-2.4288,-3.0568,-2.2683,-3.5890999999999997,-0.9186000000000001,-2.713,-4.4123,-0.18270000000000003,-1.969,-2.1587,1.6676,-4.1
1972-10-01,-3.9696,-3.1271999999999998,-2.867,-2.6129,-2.3552,-4.468500000000001,-0.8292,1.1488,0.1279,-0.8729,-3.3586,-1.2236,1.1118999999999999,0.21819999999999995,-0.9841,-2.0237,-0.1501,0.6630999999999999,1.9506000000000001,-1.0988,0.5982,0.5907,1.7373000000000003,1.9989,0.6565
1972-11-01,0.2683,3.7649,3.9184,5.6263,5.5201,3.8084999999999996,4.3985,7.2756,4.3439,6.8015,2.7626999999999997,3.8572999999999995,6.131,7.4844,7.111,6.3818,6.5667,6.656,6.6991,10.553,1.2507000000000001,6.3854999999999995,6.2757,7.749,13.484
1972-12-01,-2.2796,-3.3421000000000003,-3.2483,-2.9313000000000002,-1.9325999999999999,-0.9615,-3.0045,-0.1833,-3.6834000000000002,-2.7892,0.43220000000000003,-0.667,-0.8441000000000001,-1.6867999999999999,-3.2443,0.0242,-1.8056,-1.3336999999999999,-1.8704999999999998,-4.7943,3.3377,-0.4152,-1.006,-0.43069999999999997,-3.0058000000000002
1973-01-01,-8.6753,-4.6103000000000005,-4.1818,-3.9821999999999997,-1.8436,-11.0643,-6.176100000000001,-7.2926,-3.0251,-6.4336,-7.8901,-8.1504,-6.426100000000001,-3.9935,-5.8089,-6.7945,-8.1612,-6.081200000000001,-3.8946,-4.9769000000000005,-2.0408,-4.3589,-1.4886,0.18849999999999995,-4.801100000000001
1973-02-01,-14.4924,-9.2925,-9.1373,-8.404200000000001,-6.3195,-14.1746,-8.4897,-7.7579,-6.1897,-5.9691,-11.7253,-8.669599999999999,-7.8449,-3.7874,-7.3872,-8.4246,-8.7408,-4.9291,-4.0502,-2.6967,-2.6473999999999998,-3.3697,-5.3609,-6.3609,-3.8064
1973-03-01,-6.8525,-4.5094,-2.9171,-1.4694,-2.3202000000000003,-5.4637,-2.9085,-2.9009,-2.637,-0.743,-4.9551,-4.8994,-2.665,-2.1121,0.5017,-4.4921999999999995,-4.4219,-2.2275,-2.8569,0.23899999999999993,-1.191,-1.4275,1.3582,1.4076,1.1084
1973-04-01,-13.030999999999999,-10.369299999999999,-7.217499999999999,-6.7036999999999995,-5.915900000000001,-14.4521,-9.927,-6.243,-4.6838999999999995,-5.518599999999999,-11.3225,-7.054500000000001,-4.3603000000000005,-4.3297,-4.942,-11.413599999999999,-8.4307,-3.6934,-3.3642,-4.796799999999999,-6.399900000000001,-3.8941,-2.649,-1.262,-3.2867
1973-05-01,-11.8872,-11.7402,-9.411999999999999,-8.3472,-8.8784,-11.6842,-9.6456,-8.308,-6.2541,-9.8194,-9.613999999999999,-9.050699999999999,-4.8408,-3.8593,-7.3355,-7.3583,-8.9153,-2.8204000000000002,-3.0685000000000002,-5.4105,-0.2904,-1.5817,-1.5032999999999999,-3.8307,-6.1594999999999995
1973-06-01,-5.5835,-4.4013,-5.361,-3.2937000000000003,-2.8674,-7.426699999999999,-4.1979,-3.4452999999999996,-2.6285999999999996,-2.4181999999999997,-6.5836,-3.5458999999999996,-2.1418,-1.7779,-3.2247000000000003,-5.0816,-4.3165000000000004,-3.6398,-1.4577,-4.3622,-0.8859,-0.854,0.3558,-1.2898,-2.5446
1973-07-01,18.432,15.528500000000001,11.3128,12.757,10.1337,20.822599999999998,13.395,10.774,6.1047,9.3891,18.2471,8.9839,7.3377,1.7153,7.0705,14.710899999999999,8.398,5.5719,3.1311,8.1038,4.785900000000001,5.0671,-0.8317,1.3314,3.5746999999999995
1973-08-01,-6.0985000000000005,-7.537100000000001,-6.7458,-6.655,-5.2571,-3.4284999999999997,-8.0372,-5.4465,-5.932300000000001,-4.7975,-3.726,-5.168,-4.1728,-3.4348,-1.4739,-3.1562,-1.8394,-3.2192,-2.5711,-1.4866,-4.1389,-2.9276,-4.394,-3.2386,0.08340000000000003
1973-09-01,11.3777,10.474400000000001,6.235600000000001,7.131200000000001,6.3707,10.3809,10.7421,11.168000000000001,6.3078,9.6559,10.6056,9.1205,9.4908,8.3313,9.846300000000001,9.21,11.2837,10.4634,9.321,10.727,-0.36560000000000004,6.3986,7.9442,7.9343,7.6005
1973-10-01,-3.1562,-0.1754,0.8077,-0.6912,0.6863,-3.6601,-3.6362,0.2178,1.1236000000000002,0.2298,-4.5058,1.6987,0.20950000000000002,-0.8804000000000001,0.8737,-2.9713,-2.5273,0.23109999999999997,-0.8776,0.9843000000000001,-0.11919999999999997,-1.4173,-0.4848,-3.6464,1.8891
1973-11-01,-25.700899999999997,-21.6035,-19.845299999999998,-17.4961,-18.7553,-23.8038,-20.453599999999998,-20.019499999999997,-16.4026,-16.7233,-23.3601,-18.952399999999997,-16.8964,-12.603900000000001,-15.928700000000001,-20.866,-17.7275,-14.498700000000001,-13.2288,-15.302200000000001,-11.4464,-12.949900000000001,-11.4056,-6.8523,-8.8528
1973-12-01,-4.439,-5.3515,-3.4465000000000003,-4.5205,-4.9281,-1.1894,-4.9447,-1.3382,-1.6696,-1.7222,-1.8876,-0.22970000000000002,0.1542,0.48739999999999994,1.7357999999999998,-0.3578,1.6942999999999997,6.1616,2.4068,6.4213000000000005,-2.3362,0.14349999999999996,6.639,4.3941,10.5002
1974-01-01,9.754299999999999,13.853599999999998,14.2289,12.289,17.907500000000002,4.0520000000000005,9.9591,8.9055,9.625699999999998,13.2523,4.4104,4.2592,7.5584999999999996,6.4088,10.9307,-2.8261,2.1995,2.294,7.348,5.0102,-2.5323,0.12229999999999996,-3.6111,0.055400000000000005,-0.7111000000000001
1974-02-01,-1.0304,-1.5,-1.0817999999999999,-0.38469999999999993,0.5495,-0.20559999999999995,1.3201999999999998,0.6071000000000001,1.1937000000000002,3.3165999999999998,-3.3715,-0.13089999999999996,0.6026000000000001,-0.27199999999999996,1.7708,-3.0207,0.4141,1.815,1.5488,2.9861,-1.7385000000000002,1.0236,-1.424,2.187,3.2885
1974-03-01,-0.41040000000000004,-1.2108,-0.26060000000000005,0.8658999999999999,1.5876000000000001,-2.0228,0.6451,-1.996,-1.4613,-0.019600000000000062,-2.1034,-1.4033000000000002,-3.5049,-2.3493,-1.5724,-3.117,-4.3521,-5.524000000000001,-3.3371,-2.7655,-1.9772,-4.2675,-2.959,-4.043,-5.3239
1974-04-01,-5.3952,-6.6599,-6.3544,-5.9532,-4.6899,-9.1199,-7.157,-6.9334,-4.1361,-4.003,-7.0108,-7.52,-4.3818,-6.434,-3.1289,-7.6866,-7.6369,-6.6556,-7.4259,-2.3888,-3.4744,-5.5807,-5.7767,-6.8689,-6.1854
1974-05-01,-9.0793,-8.161999999999999,-8.7566,-7.8311,-7.1117,-7.1969,-8.8231,-8.4226,-8.165199999999999,-8.1354,-8.0609,-9.6267,-7.592,-8.2287,-9.0739,-6.883,-9.4947,-6.1301,-6.7758,-8.0983,-1.6196000000000002,-4.0306999999999995,-6.435,-4.0931999999999995,-8.6085
1974-06-01,-4.3151,-3.8725,-3.0467,-2.9285,-2.1347,-4.1324,-4.6445,-3.8368,-1.2787,-1.1829999999999998,-4.8626,-3.2343,-3.8272,-5.1555,-1.0817,-3.9051,-3.9972000000000003,-3.0006,-5.9079999999999995,-5.0222,-2.09,-3.7496,-2.3531,-2.6432,0.9684
1974-07-01,-9.1715,-6.242,-5.7901,-5.2178,-4.8407,-8.4825,-5.018800000000001,-5.0046,-4.2962,-3.5372000000000003,-7.3715,-2.9587000000000003,-3.1338999999999997,-3.8011999999999997,0.27,-9.200299999999999,-6.5840000000000005,-2.9151999999999996,-1.4463,-2.3177,-11.594399999999998,-4.8711,-4.3423,-4.82,-5.8544
1974-08-01,-9.702399999999999,-8.9293,-8.108600000000001,-8.1209,-7.593299999999999,-10.183,-11.5999,-6.613099999999999,-8.2078,-6.077299999999999,-11.469199999999999,-11.0275,-7.3662,-7.879,-7.4996,-12.3833,-9.453899999999999,-9.1932,-6.5969,-7.1303,-10.607099999999999,-8.2464,-5.1925,-8.5405,-9.2889
1974-09-01,-13.7018,-9.4506,-7.768800000000001,-7.796900000000001,-9.4817,-12.9681,-8.3095,-8.7226,-8.4686,-8.194,-14.004800000000001,-9.0228,-7.6198,-5.5762,-7.2631,-12.3732,-7.661,-6.1046,-6.421799999999999,-8.4731,-15.7286,-10.785300000000001,-5.7395,-6.055199999999999,-7.4413
1974-10-01,15.8912,6.6561,6.7094000000000005,7.1912,8.345,15.9186,10.2228,6.2786,7.6287,6.246700000000001,18.2626,10.4598,6.8422,7.8484,9.701600000000001,20.6999,12.7078,10.997300000000001,9.5193,8.2718,21.693099999999998,13.3252,12.8301,10.0906,0.8823000000000001
1974-11-01,-6.6518,-6.2032,-5.5886000000000005,-5.7683,-7.4762,-4.7792,-4.5804,-4.4307,-5.6926,-7.5924,-5.2526,-4.5082,-3.3986,-4.6893,-2.4926,-2.8283,-0.8965000000000001,-2.0644,-4.5403,-5.3337,-5.1068,-3.8543,-4.6259,-2.9432,-4.7231
1974-12-01,-7.7853,-8.8334,-7.9474,-8.1998,-9.670499999999999,-7.0349,-6.8392,-5.9226,-7.5763,-6.344,-6.3020000000000005,-4.9270000000000005,-4.7872,-5.6878,-7.9481,-5.1703,-3.5228,-4.6626,-2.8129999999999997,-9.3745,-4.5274,-0.26979999999999993,0.6441000000000001,-1.8046,1.1779
1975-01-01,24.6185,29.489,27.701400000000003,27.6856,32.6235,20.8654,26.0406,26.035300000000003,26.600800000000003,29.0742,18.3987,24.4551,21.4749,22.914900000000003,28.6401,15.0247,19.666,23.3073,23.489700000000003,27.2741,8.7212,13.397499999999999,13.352,19.2862,15.0997
1975-02-01,7.2869,4.7578000000000005,2.7836999999999996,3.1767999999999996,4.5559,8.102400000000001,6.3567,1.1267,3.3863,1.5891,6.9885,2.7653,2.8123,4.1544,4.2354,6.0618,2.2781,1.3155000000000001,2.4019999999999997,2.3255999999999997,9.176400000000001,2.32,3.3371,1.7784000000000002,-3.6639000000000004
1975-03-01,8.530899999999999,10.3624,8.397,7.591899999999999,9.3377,6.4058,6.7414,6.4666,5.4796,8.1242,5.5466999999999995,6.2246999999999995,3.8442999999999996,6.7021,4.8976999999999995,5.5157,5.7905,4.9021,4.6518999999999995,4.6316999999999995,2.2982,1.4329,-1.6042999999999998,5.8654,5.7413
1975-04-01,6.802899999999999,5.8218,3.7293,2.449,2.6393,5.5851999999999995,3.343,2.3089,0.9263000000000001,3.5216,5.2296,4.4098,4.7443,3.3838,2.8376,6.527299999999999,2.8252,2.3461,4.4853,6.1652,5.280799999999999,4.3145999999999995,0.4257,5.0412,4.5709
1975-05-01,11.2889,10.7019,7.947,7.5028999999999995,6.6559,11.6982,7.414199999999999,6.5322,7.4059,7.2589999999999995,4.8195,7.7434,3.9432000000000005,7.556699999999999,0.8062,7.303999999999999,5.2237,5.0165,3.4796,5.3789,4.532299999999999,8.150500000000001,4.220999999999999,-0.8141,0.512
1975-06-01,5.1952,7.2795,7.0767999999999995,8.548,7.731199999999999,9.117799999999999,6.923,6.7315,7.9778,2.5694999999999997,5.3831999999999995,4.8128,6.2242999999999995,5.1692,4.3588,4.8191,7.362,7.2349,10.134,8.5536,3.1427,6.7234,4.4552,6.3953999999999995,7.0150999999999994
1975-07-01,-2.2152000000000003,-0.25129999999999997,-1.8536,-1.1549,-1.1019999999999999,-4.084,-3.7151,-2.7921,-3.9425,-4.569800000000001,-5.6417,-3.8902,-3.9312,-4.260199999999999,-6.455299999999999,-7.7591,-6.8741,-4.686400000000001,-4.7730999999999995,-7.3276,-8.6229,-4.5832,-5.107900000000001,-6.1861999999999995,-2.0347999999999997
1975-08-01,-7.3087,-6.7574000000000005,-5.1418,-5.903700000000001,-8.297,-5.1966,-4.3416999999999994,-5.872400000000001,-4.5821000000000005,-8.386,-4.3891,-3.808,-3.6545,-4.7799,-6.127700000000001,-4.884600000000001,-3.8531,-3.6274,-2.9219,-1.1663999999999999,-2.4266,-2.3042,-2.2167,1.7008999999999999,-4.9436
1975-09-01,-6.020700000000001,-3.0846,-3.8464,-3.4974,-4.3671,-3.8162000000000003,-4.481,-4.022,-3.9823000000000004,-5.9783,-5.7918,-3.3644,-4.589700000000001,-4.7034,-4.556500000000001,-5.0477,-3.9687,-3.9897,-3.6780999999999997,-5.0032000000000005,-5.1565,-1.8394,-2.9432,-4.7687,-5.8842
1975-10-01,0.6711,0.7809999999999999,2.1431999999999998,2.3832,0.4542999999999999,1.6663999999999999,3.5715999999999997,0.8448,3.5452999999999997,3.6678,1.3121,3.3034,2.9706,4.6959,-0.19520000000000004,5.129899999999999,5.781599999999999,6.5306,5.016,6.371600000000001,6.608599999999999,5.064299999999999,3.853,6.283099999999999,3.3411999999999997
1975-11-01,-0.49029999999999996,1.6214000000000002,1.4233,1.8937000000000002,3.3219,-0.4438,2.7441999999999998,1.7068999999999999,3.7583,3.7118,1.5451000000000001,2.4879,4.2244,3.8076999999999996,0.6977,2.5515,3.6692,3.5987,6.622199999999999,5.6513,2.8596,1.7254000000000003,2.8259,2.5629999999999997,4.3273
1975-12-01,-1.3409,-1.6985999999999999,-1.6128,-1.7091,-1.7407,-3.1023,-1.9187,0.3902,-1.4984,-2.717,-1.3143,-1.9674,0.23199999999999998,-0.6933,2.6062,-2.9117,0.23020000000000007,-0.6456,-0.9025,-1.2457,-3.0786,0.43390000000000006,-0.24649999999999997,0.15890000000000004,4.7676
1976-01-01,15.220899999999999,16.486800000000002,21.0211,23.024700000000003,26.457800000000002,12.562,15.996899999999998,16.0683,20.7634,26.291800000000002,15.715199999999998,14.610299999999999,16.5041,17.8583,21.1176,12.267999999999999,12.978299999999999,16.058400000000002,18.0987,22.1276,10.678899999999999,9.043299999999999,13.4133,16.5551,14.693299999999999
1976-02-01,9.8579,7.0518,9.7821,11.4414,15.4346,7.192,6.0703000000000005,7.0284,8.3447,10.9794,3.5559000000000003,3.427,5.168200000000001,6.7675,12.7554,0.39009999999999995,3.0338000000000003,3.9652000000000003,4.5645,3.5916,-2.6721,1.0753,-1.1782,-1.3465,9.1018
1976-03-01,2.8229,1.7417000000000002,1.6225,0.3255,1.0470000000000002,0.5157999999999999,0.6249999999999999,-0.23080000000000003,0.7911,2.3152,0.9066,0.4596,1.5781,1.5552000000000001,1.7419000000000002,0.48529999999999995,1.6607000000000003,0.8048000000000001,1.1671,6.404599999999999,2.7416,3.2845,2.5891,2.7458,-1.4106999999999998
1976-04-01,-1.6803,-1.2574,-3.0932,-1.5299,-2.2972,-1.656,-2.0047,-1.0205,-1.4174,-2.5661,-1.9777,-0.389,-1.1087,-1.3883,-0.9138999999999999,-2.0300000000000002,-1.7984,-0.9492,-2.6987,-4.1545000000000005,-2.6938,-0.06729999999999997,1.1801000000000001,0.40830000000000005,0.7239
1976-05-01,-2.2321,-2.1809,-1.9138000000000002,-3.9948,-4.8635,-0.9459,-2.4424,-1.4038,-2.9984,-4.7712,-1.862,-1.8172000000000001,-2.0042,-1.8312,-3.3569,-2.7231,-1.5901999999999998,-1.3954,-4.6048,0.856,-1.4249999999999998,0.21860000000000002,-1.3357,-2.4207,1.0251000000000001
1976-06-01,3.8555999999999995,1.7815,1.5618,2.8901999999999997,1.6203999999999998,2.2163,2.6860999999999997,2.9732,3.159,5.657100000000001,3.9487,4.8941,6.1188,4.0976,7.710800000000001,3.6790999999999996,4.6103000000000005,6.5842,7.9453,3.4821999999999997,3.8787,3.5502,5.2031,5.3788,2.5130999999999997
1976-07-01,-1.4586000000000001,-2.3869,0.2993,-0.8128,0.6265000000000001,-1.5565,-0.6062,2.2477,-0.15949999999999998,1.0031,-1.9713,-1.0309,0.11540000000000006,0.0373,-0.1563,-2.0538,0.023400000000000032,-0.0024999999999999467,1.1378,0.9178,-2.0987,-0.2773,-0.23979999999999999,-1.2229,2.1696999999999997
1976-08-01,-4.8098,-2.1741,-1.6587999999999998,-2.1342,-2.188,-4.917,-2.166,-2.8912999999999998,-1.7368999999999999,-2.0088,-3.0845,-1.8232,-1.3788,-0.5481,-4.5887,-3.0907999999999998,-0.1064,1.0837,-1.3672,0.005500000000000005,-0.6980999999999999,-0.0021999999999999797,1.4484000000000001,-0.9541999999999999,0.6459000000000001
1976-09-01,1.8965999999999998,1.5206,0.8438000000000001,1.9500000000000002,1.6638000000000002,3.9735,3.8539,2.3578,2.832,1.58,3.0457,2.3579,2.1216,2.3222,0.4045,1.8322000000000003,1.8109000000000002,2.6074,2.7874,0.8628,1.19,3.9566000000000003,2.8488,3.2578,-1.0699
1976-10-01,-3.1584000000000003,-2.1488,-2.0272,-2.0408,-2.8973,-3.3002000000000002,-3.8954,-2.6966,-1.8637,-1.5434999999999999,-3.8304,-0.46959999999999996,-1.9111,-1.4666,-4.0797,-2.6423,-1.7575999999999998,-1.5393999999999999,-2.2309,-3.3600000000000003,-2.7838000000000003,-2.9089,-1.1239999999999999,-3.3449,-4.4254
1976-11-01,5.225499999999999,3.0143,1.5968999999999998,1.9169,3.0236,2.4389000000000003,3.0643000000000002,2.7028,4.0569,4.1655999999999995,3.3549,3.0575,2.7625,3.9099999999999997,6.621499999999999,4.027299999999999,2.8413,2.9879000000000002,2.1963,1.2988,-2.0338,-0.2591,1.6629,1.3308,3.9755
1976-12-01,10.2765,9.0519,9.3171,10.5845,9.424,8.786999999999999,8.772499999999999,8.8798,8.8276,11.3441,5.2555,9.0646,8.3591,8.1218,7.648199999999999,5.7059999999999995,6.6511,6.9887999999999995,9.074399999999999,9.136,3.4982,6.8957999999999995,5.2829999999999995,7.0438,6.276599999999999
1977-01-01,2.5868,3.7855000000000003,2.507,3.9867000000000004,5.1971,-0.6328,2.1185,-0.062,1.8341000000000003,2.8347,-2.4463,-0.5849,0.6623,0.5907,0.27859999999999996,-4.5844000000000005,-3.0519,-2.8335,-0.5618,1.2407,-8.2251,-3.6963,-1.3436,-1.9676,0.37070000000000003
1977-02-01,-0.7803,-0.6439999999999999,-0.5317,-0.7412,-0.05449999999999999,-2.1359,-1.5038,-0.5397,-0.4846,-1.9846,-4.4857,-1.3486,-2.6246,-0.15439999999999998,-3.8335,-3.3589,-2.0679,-2.3491,-1.9965000000000002,-2.5685000000000002,-1.5520999999999998,-3.6225,-1.0661,-2.7043,-1.2782
1977-03-01,-0.06380000000000002,-0.15360000000000001,0.7108,1.2578999999999998,0.7476999999999999,0.12490000000000001,-1.1439,1.2854,-0.5963,-0.9416,-0.4335,1.0891000000000002,-0.6203000000000001,-0.5385,0.3097,-2.2653,-0.1529,0.5426,0.7523000000000001,4.5524000000000004,-2.073,-2.2065,-1.6932999999999998,-0.8926,-0.1569
1977-04-01,0.9196000000000001,-0.13720000000000002,1.1622,1.9203999999999999,2.267,0.7415999999999999,1.1985999999999999,0.9977999999999999,1.7297000000000002,2.2911,0.1023,0.41600000000000004,1.6698,2.1282,1.9717000000000002,-1.0251000000000001,1.754,2.3778,2.0354,2.3434,-2.5515,1.7836000000000003,1.0398,3.2795,5.6176
1977-05-01,-2.1086,-0.9022,0.08689999999999998,-0.08899999999999997,0.8595,0.4486,-1.254,-0.624,0.35640000000000005,-2.0681,-1.0391,-0.346,0.16959999999999997,0.08129999999999998,0.4414,-0.8422000000000001,-1.3973,-0.4194,-1.5722999999999998,-2.0297,-2.9389000000000003,-1.2323,0.20750000000000002,-1.8493,-3.4171
1977-06-01,5.4909,6.1888,6.9944,5.022399999999999,7.006799999999999,8.1342,6.1403,5.951,5.1186,8.1088,8.5809,5.8572999999999995,5.6875,4.3694,5.525099999999999,6.0793,4.475,4.535299999999999,4.4295,6.5802,5.5862,3.5638,2.5144,4.8415,1.5827
1977-07-01,0.8172000000000001,0.2283,0.9061000000000001,0.18209999999999998,0.49720000000000003,-1.3747,-0.4326,-0.9638,0.16650000000000004,-0.10409999999999997,-0.4269,-0.3029,-1.6903,-1.4611999999999998,-1.4727999999999999,-1.4682,-3.6895,-1.0519,-1.4770999999999999,-4.8828,-1.7108999999999999,-3.1843,-1.188,-0.5997,-5.3096
1977-08-01,0.6069,-0.9161,-0.89,-1.7687,-2.2161,0.3887,-1.2496,-2.021,-1.3494,-1.9482,1.4013,-1.6956,-1.1417,-1.0722,-1.543,-1.8607,-1.7639,-2.4514,-2.471,-3.7467,0.6413,-3.9606,-3.3962,-5.303400000000001,-4.6566
1977-09-01,1.6687,2.0353999999999997,0.3999,1.3170000000000002,0.9048,0.1901,0.39920000000000005,1.1764000000000001,0.10930000000000001,0.05570000000000003,1.5335,1.0579,0.8243,-0.3398,-0.4625,0.5132000000000001,-0.11120000000000002,0.3694,0.31060000000000004,-1.6452,-1.3227,-1.2236,1.8334,-0.03999999999999998,-0.5423
1977-10-01,-5.0587,-3.2521000000000004,-3.0416,-1.5424,-2.7237999999999998,-5.7903,-2.9116,-4.29,-0.5055999999999999,-3.4170999999999996,-4.0733,-2.7098000000000004,-2.8917,-2.8296,-3.2628000000000004,-4.432,-3.7298999999999998,-3.3853,-4.611400000000001,-5.4551,-5.0141,-4.5964,-5.5317,-2.9924999999999997,-4.0849
1977-11-01,8.984,8.0897,7.8217,6.3677,8.5621,7.974600000000001,9.0917,8.4305,6.5556,7.7075,6.2549,7.0852,5.5309,5.2625,8.0688,6.59,5.8677,5.1258,6.4659,7.4523,3.0976,2.8564,2.5003,2.4662,4.2229
1977-12-01,4.3578,3.1201,2.2704000000000004,2.1517,1.3194,2.3571999999999997,1.082,0.24929999999999997,-0.02839999999999998,1.9625000000000001,1.1087,0.10060000000000002,1.5117,0.6567000000000001,0.06869999999999998,-0.10309999999999997,0.37539999999999996,0.07520000000000004,-0.6719999999999999,-1.1174,-0.45039999999999997,0.5778000000000001,0.7036,-0.1205,0.8594999999999999
1978-01-01,-1.7096,-3.7487000000000004,-1.8554,-1.5522,-0.06240000000000001,-5.8678,-5.8947,-3.0161999999999995,-2.4819,-2.5225,-7.2877,-5.4833,-3.9429,-3.6262999999999996,-1.8558999999999999,-6.6125,-6.6972000000000005,-5.9736,-4.6702,-2.0323,-6.7861,-7.6928,-5.8981,-5.4565,-3.4215999999999998
1978-02-01,2.8052,2.4958,3.4482,2.811,3.2066,1.3323,0.9916,0.9222000000000001,1.6726,-0.018000000000000016,0.12220000000000003,1.3024,0.10369999999999996,0.06669999999999993,0.9143000000000001,-1.6881,-1.151,-1.2389000000000001,0.4622,-1.7729,-3.673,-2.0062,1.9714,-1.4743,-4.1125
1978-03-01,7.841,6.5112,8.017900000000001,6.3155,7.631199999999999,5.6232,5.5199,7.1857999999999995,5.7287,7.0203999999999995,5.0333,4.9902,3.9177,4.2428,7.4653,4.5214,4.3384,4.2177,4.2208,4.5725,0.7107999999999999,3.3887,2.4955999999999996,2.33,2.8642000000000003
1978-04-01,9.7121,8.256799999999998,7.3585,6.5724,7.8843000000000005,9.6008,6.8455,7.653199999999999,6.7094,6.3185,9.3189,7.7479000000000005,7.2186,4.2799,6.1866,8.126000000000001,6.6578,4.7579,5.367,7.8044,11.360700000000001,8.059999999999999,4.1068,4.5687999999999995,4.7302
1978-05-01,7.769299999999999,5.526800000000001,8.1522,6.0709,7.6363,6.113,6.7879000000000005,4.6764,3.409,4.3121,5.7982000000000005,5.0083,4.897600000000001,1.6660000000000001,3.401,4.3246,3.1571999999999996,0.8013999999999999,1.6805999999999999,3.1914,0.8289,0.8174999999999999,-0.59,0.6013,1.4856
1978-06-01,0.09109999999999996,0.17569999999999997,-0.45080000000000003,-0.42660000000000003,-0.32030000000000003,-1.7388000000000001,-3.1475,-0.08840000000000003,2.5764,-0.3991,-1.191,-1.0573000000000001,0.22119999999999995,0.5539000000000001,0.4516,-1.5474,-1.1868,-0.5269,0.01969999999999994,-1.0316,-1.7399,-3.5572,-2.5385,-2.3262,-1.3586
1978-07-01,5.841900000000001,5.966099999999999,5.285500000000001,4.0703,4.261799999999999,7.3641000000000005,4.7879000000000005,5.329700000000001,4.417400000000001,7.59,5.756600000000001,4.6926000000000005,3.8467999999999996,3.6874,4.7249,5.567500000000001,5.4861,5.582699999999999,5.528499999999999,9.402999999999999,7.0586,4.3781,4.216799999999999,2.2654,4.2004
1978-08-01,9.0687,8.9779,7.762499999999999,7.3024000000000004,9.897,8.663,7.345000000000001,9.2724,6.0646,8.655299999999999,7.274800000000001,9.6626,7.1083,4.487299999999999,8.142199999999999,6.968999999999999,5.7734000000000005,3.8706,3.2462999999999997,2.2678,2.0232,2.6978999999999997,4.2813,2.5147,-0.34580000000000005
1978-09-01,-1.5826,-0.30219999999999997,-2.5876,-0.6249,-0.3726,-2.1868,-2.3572,-2.6926,0.06559999999999999,-2.4696,-4.2674,-3.3677,-2.0584,-0.9601,-1.5827,-3.8279,-2.8905000000000003,-0.06459999999999999,-0.6126,-1.7974999999999999,-3.8453,-0.4253,1.2341000000000002,0.4386,0.2663
1978-10-01,-27.2936,-24.1643,-22.426099999999998,-19.3178,-21.8794,-25.6367,-20.005,-18.9071,-15.8689,-19.9715,-19.3449,-19.4933,-14.9373,-14.9201,-20.488,-16.2697,-13.8369,-14.3756,-12.7709,-15.501199999999999,-9.034799999999999,-10.021799999999999,-9.0838,-7.7836,-12.8342
1978-11-01,7.8965000000000005,7.0838,6.2993999999999994,3.5098000000000003,3.7858,10.7461,4.6337,3.7561999999999998,2.3189,5.0065,6.414,4.3734,3.4722,2.1688,2.7131999999999996,3.9851,1.4852999999999998,2.8566000000000003,1.2477,2.04,1.715,2.0366,3.3553999999999995,2.6098999999999997,1.8331000000000002
1978-12-01,2.8223000000000003,2.075,1.2556999999999998,0.3474999999999999,0.05989999999999995,2.2196,2.4203,0.49649999999999994,1.4993,1.3113,1.9873,1.3084999999999998,-0.5009,0.7692999999999999,2.4188,0.5176000000000001,1.0136,0.26649999999999996,-0.1493,-0.5082,2.6623,0.14869999999999994,0.08450000000000002,-0.8303,-1.5272999999999999
1979-01-01,9.3214,9.0599,7.3386,9.7034,10.7949,8.001900000000001,7.4031,6.866,6.640700000000001,9.4091,6.2379,5.446300000000001,6.99,6.315899999999999,8.6065,4.706899999999999,4.6448,5.245699999999999,7.727500000000001,5.564,1.6814999999999998,4.2462,3.6635000000000004,3.9274999999999998,6.8713999999999995
1979-02-01,-3.7061,-4.4544,-2.9013,-3.6255,-2.133,-3.677,-3.8995,-3.4443,-4.065799999999999,-3.0645,-5.4023,-3.2876,-2.4398999999999997,-2.2127999999999997,-1.7884,-4.678599999999999,-4.5456,-3.8781,-3.8113,-5.037599999999999,-4.7372,-3.2529,-3.4849,-2.0295,-3.5652
1979-03-01,11.2892,8.7082,7.1915,6.4109,7.6366,11.464599999999999,8.213899999999999,7.615599999999999,6.458600000000001,7.673399999999999,9.7083,8.292499999999999,7.048500000000001,7.712399999999999,12.1984,6.8353,7.255799999999999,6.0868,7.2195,8.845699999999999,4.2074,5.2393,5.992800000000001,2.8727,5.7117
1979-04-01,2.2671,1.9067999999999998,1.4563,2.189,2.6750999999999996,0.8821999999999999,2.3079,1.3844999999999998,2.0438,1.3536,0.6033,-0.42830000000000007,2.0178000000000003,1.0940999999999999,3.3719,1.2263,0.16189999999999993,0.5996999999999999,-0.31290000000000007,0.8831,-0.9596,-0.12330000000000008,0.17409999999999992,-1.2935,-1.7939
1979-05-01,-3.4408999999999996,-1.8557000000000001,-2.1545,-1.4487999999999999,-1.9295,-2.9897,-2.6537,-1.1885999999999999,-1.1082999999999998,-1.3014999999999999,-4.2668,-3.8264,-1.0262,-0.2864,-2.9576,-1.1143999999999998,-2.1934,-2.4901,-1.3476,-1.847,-2.9461,-1.6781,-2.5555,-2.0569,-2.1439
1979-06-01,5.0564,4.7501,4.617800000000001,3.6377,4.6151,6.6206,4.848000000000001,2.7845,5.2332,7.5853,2.5164999999999997,3.9766999999999997,5.6103000000000005,5.3086,5.3634,4.4184,6.4823,5.5045,7.1104,5.3049,1.4849,3.871,5.4551,3.8023000000000002,1.9139
1979-07-01,1.6482,2.2765,2.4804,2.3519,1.3856000000000002,1.096,1.7867000000000002,2.258,4.098000000000001,3.2232,2.5326,2.9353,3.4427,2.0497,4.5846,0.7227999999999999,2.0965,2.1725,1.6631999999999998,2.2317,-1.1793,0.9360999999999999,0.7406999999999999,0.5236000000000001,2.9045
1979-08-01,7.9739,7.9361,5.402699999999999,6.135,7.394,7.882900000000001,7.8368,6.2704,5.978400000000001,6.379200000000001,8.8999,6.8649000000000004,4.8725000000000005,5.0038,6.090199999999999,7.804500000000001,5.558999999999999,6.1759,4.047700000000001,6.965199999999999,5.6066,6.3681,3.6559000000000004,4.645199999999999,4.543100000000001
1979-09-01,-1.0284,-0.9946999999999999,-2.3458,-1.2534999999999998,-1.8296000000000001,-0.09409999999999996,-0.05499999999999994,-3.4204,-2.2619,-2.6919,0.6621,-0.8901,-2.1818,-3.9295,-2.3278,-1.132,-0.6874,-0.8599,-2.4859999999999998,-2.5795,-2.5802,0.03160000000000007,0.8037,-0.09349999999999992,-0.34019999999999995
1979-10-01,-11.989099999999999,-10.9108,-12.4192,-10.4193,-12.513,-9.5033,-11.492299999999998,-12.4521,-12.806099999999999,-12.465599999999998,-8.9987,-9.5856,-11.1754,-8.5252,-13.1192,-8.3986,-8.6612,-9.1525,-11.0268,-11.3887,-7.163,-6.3638,-6.5855,-7.9377,-8.0337
1979-11-01,10.0254,7.4153,5.5516,4.1674999999999995,5.582199999999999,9.919599999999999,7.070399999999999,5.7619,6.2311,6.4576,10.5761,5.87,5.618799999999999,5.8129,4.4193,8.956,6.3172999999999995,6.4192,4.9881,5.1034999999999995,4.0181,6.3822,3.1643999999999997,6.298,0.01089999999999991
1979-12-01,10.453100000000001,7.3096000000000005,4.9268,5.8724,4.1367,7.607,5.2259,4.7798,2.8308999999999997,3.9872999999999994,4.9567,2.3844000000000003,1.821,1.2458000000000002,6.8530999999999995,3.6856,2.8308,1.3230000000000002,1.1015,3.1432,0.9572,2.7750000000000004,-1.0575999999999999,-0.09849999999999992,1.3153
1980-01-01,11.825,9.3349,7.7221,8.116299999999999,10.1806,6.1885,6.5654,5.5475,3.8943000000000003,8.315199999999999,4.6302,5.7762,6.0494,5.2474,8.3079,6.6168000000000005,5.8669,6.038,-0.05060000000000009,7.0363,2.5804,6.718500000000001,4.8937,6.8993,9.4369
1980-02-01,-0.2864,-1.0006,-3.0146,-2.7879,-3.1768,-2.2554,-1.1919,-4.3694999999999995,-5.0694,-2.1179,-1.9733999999999998,-4.6331999999999995,-5.2543,-5.016299999999999,-3.5831,-3.3571,-2.2277,-3.7653000000000003,-5.7932,-2.6134,-5.2538,0.16760000000000008,3.1205000000000003,0.7655,1.6568
1980-03-01,-23.323800000000002,-20.4642,-18.8616,-16.727899999999998,-18.8963,-20.505000000000003,-17.7423,-17.954,-15.8718,-19.2952,-17.2099,-16.3385,-17.820600000000002,-14.212900000000001,-20.1231,-13.3336,-15.390799999999999,-14.295200000000001,-12.4221,-17.7242,-7.5119,-12.943000000000001,-10.7668,-12.534099999999999,-14.1019
1980-04-01,5.0829,5.2333,5.5134,4.0963,4.7769,4.829000000000001,3.5369,5.3767000000000005,6.6875,3.1242,5.8602,5.9295,6.0376,7.2094000000000005,4.9916,3.4531,5.11,5.9035,7.6355,5.6512,1.7411,2.5057,4.2071000000000005,6.5618,1.6100999999999999
1980-05-01,6.3758,5.7272,6.1907,5.837899999999999,6.7874,8.1279,9.2145,5.8802,7.095700000000001,8.9721,6.3919999999999995,6.270300000000001,7.963199999999999,7.0656,8.3718,6.754099999999999,6.9291,8.4737,6.417199999999999,8.1036,4.1875,4.420999999999999,4.4978,3.2743999999999995,5.3847000000000005
1980-06-01,4.4024,3.1162,2.8702,3.4583999999999997,4.821199999999999,3.8361000000000005,6.115399999999999,3.4680000000000004,5.0596,1.5693000000000001,4.4342,4.7924,3.5143999999999997,3.8685000000000005,1.9332000000000003,5.2254,3.2232000000000003,3.9789,2.7803,4.134399999999999,1.5459,3.589,1.3348,4.26,-0.35409999999999997
1980-07-01,11.4305,11.898800000000001,9.645000000000001,7.712000000000001,8.5058,13.6296,10.815700000000001,9.7077,7.0289,7.741499999999999,12.705200000000001,7.8340000000000005,8.8345,4.843,5.523,10.6708,9.8459,7.1741,2.8327999999999998,4.297,10.6323,5.4826,2.9222,2.673,4.6339999999999995
1980-08-01,10.776299999999999,8.1009,5.986000000000001,6.5903,4.8978,7.3847,6.436100000000001,3.4887,2.3765,3.0037,6.0465,5.8212,1.6795999999999998,1.0989,0.09950000000000003,3.6908999999999996,1.4358999999999997,1.9045,-0.4504,0.007399999999999962,1.3559999999999999,0.32530000000000003,0.5032,1.5977999999999999,-0.6428
1980-09-01,5.7038,2.2379,1.9891,0.5831,2.0369,4.0493,2.8701,2.8896,0.08140000000000003,0.41910000000000003,4.782,1.6488,1.9948000000000001,0.7165999999999999,-2.0669,5.223,3.6167999999999996,1.3443,-0.5074,-0.5123,2.3489,4.8887,2.4525,-1.8954,-0.6859999999999999
1980-10-01,6.7554,4.9037,3.5343999999999998,2.6567,1.2827,5.702,1.1434,-0.3314999999999999,2.2827,0.7339,1.4361,1.3252,1.8771000000000002,0.45999999999999996,-0.26169999999999993,1.2892,2.6163999999999996,-1.7033999999999998,-2.359,-1.117,-0.34739999999999993,3.1255999999999995,3.6468999999999996,-2.6898,-0.2864
1980-11-01,15.344099999999997,5.1613,4.5698,0.0737000000000001,0.7986,12.372599999999998,6.29,3.784,5.5286,2.7177000000000002,10.505199999999999,6.158,2.5453,1.3784999999999998,2.0382000000000002,11.925,12.962900000000001,3.4317,2.0503,-0.09809999999999997,9.6966,13.295300000000001,17.5774,4.2251,2.9727
1980-12-01,-7.514100000000001,-6.951499999999999,-4.992,-3.987,-4.8441,-6.441000000000001,-3.6465,-3.1547,-2.7491000000000003,-1.6352,-5.1152999999999995,-4.4974,-1.7653,-2.2831,-1.4351,-4.843,-5.7780000000000005,-2.1892,-0.8054,-1.7394,-1.2144000000000001,-6.901199999999999,-6.982799999999999,-2.5659,-1.4659
1981-01-01,-5.4249,-1.3893,0.3712,0.6392,2.2152,-5.7863,-1.7854,-1.0116,0.7935999999999999,2.0617,-5.2938,-2.6256,-2.0258000000000003,0.9587999999999999,1.6635999999999997,-7.866,-4.4915,-1.4171,-0.4889,0.3897999999999999,-7.178,-8.3514,-7.4557,-1.1083,1.2364000000000002
1981-02-01,-4.48,-2.274,0.18249999999999988,0.9677999999999998,1.2478,-1.416,0.7415,1.4909999999999999,2.2226999999999997,2.798,2.2836999999999996,1.3208999999999997,2.6921999999999997,-1.1165,0.2952999999999999,0.31169999999999987,1.3442,3.4223,0.5988,2.7489,2.2119,1.0130000000000001,-1.7048,2.0439,-1.5209000000000001
1981-03-01,6.1564,9.132100000000001,7.5505,7.794099999999999,6.0382,6.8694,7.1087,6.4654,6.3975,6.345,6.3541,6.443,6.6325,7.8951,5.767,7.7406999999999995,5.5098,7.248500000000001,7.0515,6.5187,2.0684,2.4396,-0.7958999999999999,2.1918,6.9881
1981-04-01,1.7071,3.4543,2.4593,3.5686999999999998,4.3325,0.5457999999999998,2.5002999999999997,2.4547,2.6161,2.9433,0.15900000000000003,2.2838,0.07599999999999985,-0.12430000000000008,2.6256,-1.0456,-1.9226,-0.4609000000000001,-1.3228,0.6239999999999999,-4.125,-5.8614,-3.7359,1.0897000000000001,-4.0524000000000004
1981-05-01,3.8553,4.0581,2.8878999999999997,1.4047,1.5229,5.026,0.7237,2.0115000000000003,-0.9281999999999999,1.3713000000000002,1.1494,1.8326000000000002,1.6248,0.3165,3.9835,2.2358000000000002,0.911,0.8332000000000002,-0.3317999999999999,2.2151,0.4415,-3.3439,-3.0854,2.5971,-0.3959999999999999
1981-06-01,-8.4375,-1.7745000000000002,-0.10740000000000016,1.3954,-0.031200000000000117,-8.4844,-1.9355000000000002,-2.1264000000000003,-1.2306000000000001,0.20839999999999992,-6.3437,-1.3991,-1.609,1.009,-3.0497,-6.529400000000001,-2.7822,-0.556,1.2471,-1.9385000000000001,-5.827999999999999,-0.11730000000000018,1.9571999999999998,-2.0043,-0.7404000000000001
1981-07-01,-5.8525,-4.6289,-3.9265999999999996,-3.2741,-3.4558,-3.6561000000000003,-4.6388,-2.0242,-2.5884,-3.2427,-2.5831,-3.2258,-4.237,-4.0884,-1.6143,1.0273,-2.472,-3.6849,-3.7165999999999997,-4.4088,0.3772,1.4117,-3.2668999999999997,-3.4779999999999998,-0.6423
1981-08-01,-13.8706,-9.9104,-8.6051,-6.9272,-6.0734,-11.699,-9.609499999999999,-6.4427,-6.4791,-6.8743,-9.6313,-7.2860000000000005,-6.7987,-7.160200000000001,-4.6626,-8.328899999999999,-7.1065000000000005,-5.223,-6.5442,-4.3474,-7.472,-7.9354000000000005,-7.1252,-6.509,-1.7156
1981-09-01,-14.6835,-9.3486,-8.7498,-7.8493,-7.6157,-11.627,-8.177299999999999,-7.647600000000001,-4.5741,-6.788,-10.5932,-7.1097,-7.3634,-2.8369,-5.1754,-10.3408,-9.2437,-7.791,-5.0218,-5.5696,-7.5360000000000005,-7.3056,-7.4265,-3.4092000000000002,-0.7257
1981-10-01,9.294799999999999,6.5948,7.3389999999999995,5.92,3.7417,9.690000000000001,5.608,5.4914,6.5347,4.6345,9.4372,4.2323,6.0355,3.5972,3.1737,8.904399999999999,6.4839,3.9316000000000004,2.9440999999999997,2.5216,6.5901,6.0964,1.4289999999999998,0.4038999999999999,3.6032
1981-11-01,-2.2441,0.9528000000000001,2.824,1.522,2.8849,0.45089999999999986,3.9781999999999993,3.8442,5.0629,4.5615,-0.5979000000000001,1.5876,3.2222,2.0790999999999995,4.366499999999999,3.1078,3.1369,2.2782,6.3331,3.7707999999999995,2.4863999999999997,4.9502999999999995,4.143,3.3713999999999995,2.6714
1981-12-01,-5.0699000000000005,-2.6756,-1.3992,-1.3967,-2.0151,-2.5705,-1.1718,-2.9072,-3.1634,-2.3612,-2.7244,-3.0192,-1.778,-2.1019,-3.9189000000000003,-4.1509,-3.0505,-2.6601,-3.1329000000000002,-3.3309,-3.7572,-4.3102,-4.6175999999999995,-2.8914,-2.6325
1982-01-01,-3.9501999999999997,-1.0169000000000001,-2.4786,-2.6382000000000003,-0.7488,-6.3042,-4.183,-4.1942,-4.2575,-0.5474000000000001,-7.0934,-4.1616,-5.6842,-2.7880000000000003,0.542,-7.3164,-4.9815,-4.6813,-2.4694000000000003,-2.4419,-1.0436,-4.7485,-3.5556,-1.9502,0.6540999999999999
1982-02-01,-8.4963,-4.8737,-3.9,-3.8245,-1.9381,-8.2551,-6.3921,-4.7287,-2.0146,-1.4352,-8.7568,-4.0707,-2.3376,-3.9776,-0.5567,-7.8387,-7.2604,-4.5231,-1.208,-0.12280000000000002,-8.2873,-8.3853,-3.5244,-2.1081,-4.9271
1982-03-01,-2.9533,-1.5069,-2.1683,-1.5,-0.4374,-4.942,-0.26480000000000004,-2.3565,1.1404,0.7994000000000001,-3.4415,-0.9696,0.131,-1.1932,1.8283999999999998,-4.075,-2.7464,-0.8446,-0.8119,0.08400000000000007,-4.4694,-0.43989999999999996,-2.5369,1.6107,1.0563000000000002
1982-04-01,5.2581,5.1086,4.682,3.3890000000000002,3.0113000000000003,5.6977,6.2254000000000005,4.6494,3.2157999999999998,3.0755,5.0884,4.6408000000000005,3.4604,3.8462000000000005,3.6327,5.1392,3.9930000000000003,3.4343000000000004,2.5377,3.8842,5.5228,2.7298,1.9162,1.8492000000000002,-1.5572
1982-05-01,-4.2822,-2.7601,-0.9662000000000001,-2.334,-1.2931000000000001,-4.98,-4.9836,-4.3136,-2.8693999999999997,-3.4114,-4.7034,-3.149,-4.4241,-3.7112,-2.2723,-5.664,-5.4839,-5.157500000000001,-5.0009,-3.6892,-5.1075,-2.9302,-2.6124,-4.4054,-1.4161000000000001
1982-06-01,-5.2952,-4.716200000000001,-3.3435,-2.0873,-2.4436999999999998,-5.4538,-1.932,-2.6176,-1.5800999999999998,-1.994,-4.833600000000001,-1.6124,-1.4078,-3.2705,-2.8598999999999997,-5.1533999999999995,-3.9901999999999997,-1.6625999999999999,-2.5075000000000003,-0.5376,-3.7803,-2.1565,-1.5055999999999998,-2.8480999999999996,-3.854
1982-07-01,-5.0437,-3.6764,-0.7222000000000001,-1.8587,-1.4131,-4.5566,0.4696,-1.2924,-1.1640000000000001,-2.1608,-2.8045,-1.6708,-3.7638,-4.104,-2.9387,-2.8205,-5.1754,-3.5033000000000003,-4.3651,-3.8638000000000003,-0.4133,-4.8285,-5.356,-3.17,-3.2927
1982-08-01,4.0157,6.3185,5.978000000000001,4.455900000000001,4.8432,7.1472,7.281000000000001,9.3089,7.4139,7.4117,9.8551,10.0381,11.6231,10.5227,10.2425,11.2651,11.7297,9.937800000000001,11.8646,13.3254,10.5861,11.4111,12.4146,12.820500000000001,13.3747
1982-09-01,1.7255999999999998,1.8269,5.078,3.2859,3.8417000000000003,1.7781999999999998,2.5124000000000004,4.5259,4.9901,4.8048,2.7751,4.7363,3.6517,3.6934000000000005,1.6531,2.099,1.9395,7.7499,1.9397,-0.5468,1.2173,1.3511,0.5909,-0.5637,-0.5575
1982-10-01,17.139,12.6791,12.5271,12.4693,11.0712,16.8351,11.6546,12.5726,10.1783,10.902000000000001,14.1846,12.9875,12.0287,12.9452,12.187,15.025500000000001,13.9015,12.319700000000001,12.1777,12.2471,10.9713,10.756,9.5938,10.095600000000001,8.2239
1982-11-01,8.087299999999999,9.757499999999999,10.7617,9.591999999999999,9.9483,9.0169,8.424399999999999,7.1155,6.6689,8.245199999999999,9.956499999999998,8.133299999999998,6.0329,4.4146,8.084999999999999,6.6608,6.5982,3.5271,4.7755,6.6569,6.6084000000000005,3.4367,0.6536000000000001,1.8152,2.6699
1982-12-01,1.8493,1.4386999999999999,1.1875,1.3087999999999997,1.6648,-0.9843000000000001,1.557,0.6849,-0.8125,0.16059999999999997,-0.06480000000000008,-0.0052000000000000934,-1.8225000000000002,-0.37420000000000003,1.4821,0.39539999999999986,-0.533,1.4451,-0.3133,1.9797000000000002,1.6532,-0.6768000000000001,0.48830000000000007,0.027899999999999925,3.2995
1983-01-01,12.6189,7.775,8.067300000000001,8.238100000000001,6.83,7.576400000000001,7.298299999999999,2.9684,3.7654,4.0489999999999995,5.7331,2.2715,3.366,2.4666,3.3367999999999998,4.1387,2.7808,2.0473,1.7393999999999998,1.3923,1.3376000000000001,2.3810000000000002,3.1665,5.9397,0.9619
1983-02-01,2.4717,4.1033,7.3232,6.7148,7.9416,4.3136,4.4589,7.4507,5.4507,4.5884,4.3204,4.1724,4.9334999999999996,3.4269,4.8193,4.1494,2.1569,2.6612,2.7563999999999997,3.8629,1.8302,3.3266999999999998,2.4855,-0.0837,3.4944999999999995
1983-03-01,2.1213,4.9161,6.0181000000000004,4.0674,6.8678,1.0346000000000002,3.4112,5.8971,6.4684,4.2109000000000005,1.581,5.9369000000000005,3.7866999999999997,6.896,4.2561,0.0043999999999999595,2.0315000000000003,3.8855000000000004,4.9548000000000005,4.5253000000000005,2.7161,1.8852000000000002,3.4451,2.4087,2.8857
1983-04-01,6.4153,6.6457,8.173100000000002,8.040500000000002,8.321200000000001,7.685300000000001,7.493900000000001,8.037700000000001,6.069,7.2382,6.1105,6.3112,6.4165,5.733,6.0691,4.2456,5.0360000000000005,7.077,6.1298,5.5301,5.8701,5.4035,8.173100000000002,7.7855,8.5548
1983-05-01,11.7184,9.5911,7.965300000000001,8.037600000000001,6.9457,4.5138,5.452,4.661899999999999,3.3394999999999997,4.3391,4.791,4.5222999999999995,2.1155,1.6854,0.20120000000000005,4.3332,4.8157,3.3264,1.2594,0.34940000000000015,-1.6036,-2.9417999999999997,-1.1216,-2.0159000000000002,-1.0614999999999999
1983-06-01,3.6855,6.0431,2.932,2.5399000000000003,3.6959999999999997,6.2221,4.7768,0.5066,2.8971,2.4583,4.3816,4.7579,4.0411,1.0766999999999998,0.49319999999999997,5.5951,4.055,3.0795,-1.4894,1.1957,5.2097,4.5113,2.1622,0.5974,1.3354
1983-07-01,-6.8182,-2.9267000000000003,-1.6198000000000001,0.03480000000000005,-0.025900000000000034,-8.0146,-5.2573,-1.6926,0.9039999999999999,0.15080000000000005,-6.8885000000000005,-3.4097,1.9381000000000002,0.22250000000000003,-0.05059999999999998,-5.3179,-4.0512,-5.4915,-1.5687,-1.3214000000000001,-5.5678,-6.7434,-4.4192,-0.9235,-2.9307
1983-08-01,-6.8843,-4.1881,-3.1534000000000004,-4.35,-2.0068,-6.2097,-4.1274,-3.4919000000000002,-1.8335,-0.01849999999999996,-4.7591,-4.8355,-2.2991,-1.6482999999999999,1.4423000000000001,-3.6269,-2.5311,-0.686,1.6493,2.9439,-1.3868,-1.1994,-0.47550000000000003,3.5408,5.8599000000000006
1983-09-01,-3.5938999999999997,-0.5633,-0.3806,0.9742999999999999,0.9642999999999999,0.6512,0.6582999999999999,3.412,4.0094,2.8532,1.134,3.1676,2.0161999999999995,4.1593,6.0114,2.4642,1.1932,2.7245999999999997,1.8026000000000002,0.7445999999999999,2.1178,1.1535,1.2038,-1.8657,-0.18030000000000002
1983-10-01,-11.2185,-6.8579,-6.005,-4.4127,-3.6439000000000004,-10.8475,-8.1418,-4.696,-2.4523,-3.8581000000000003,-9.1596,-5.5096,-3.532,-1.5341,-2.3228999999999997,-8.1129,-2.669,-2.5103999999999997,-2.5138,-1.1627,-3.2114000000000003,-3.1283000000000003,-1.0247,-0.7722,-1.4385
1983-11-01,2.9777000000000005,2.8449999999999998,2.7748999999999997,2.0067000000000004,3.5102,5.1085,4.428599999999999,4.151,4.5134,4.2959,5.7145,3.3796999999999997,3.9959,3.4353999999999996,3.2432999999999996,4.896,1.5469000000000002,4.366099999999999,3.7371999999999996,3.1104000000000003,0.5175000000000001,2.6292,2.0903,0.9184000000000001,0.01640000000000008
1983-12-01,-5.8047,-1.8835,-1.5034,-1.0505,0.06559999999999999,-3.8521,-1.8611,-0.6374,-0.7484,-0.4962,-3.9342,-1.9514,-1.1542,-1.7897,0.42910000000000004,-4.137700000000001,-1.2084,-3.0826,-2.2782999999999998,-1.2717,-0.8528,-0.7161,-2.946,-1.7824,-0.2319
1984-01-01,-2.6822999999999997,-1.6981000000000002,-0.24470000000000003,0.5967,2.3613,-7.0134,-2.0564999999999998,-1.3147,-0.637,2.8871,-7.6804,-5.1616,-2.8804999999999996,-0.4742,-0.8604,-8.1565,-4.1925,-2.8743999999999996,-1.227,-0.2886,-6.5005,-1.5470000000000002,0.3858999999999999,0.8851,5.758900000000001
1984-02-01,-8.1325,-7.4813,-5.8636,-4.9765,-5.3613,-7.8285,-6.6882,-4.6043,-4.0598,-4.4350000000000005,-7.5974,-7.848,-5.5462,-5.3092,-2.967,-6.1585,-6.9873,-6.3079,-3.8299,-5.4113999999999995,-4.4805,-6.7783,-4.8801,-3.2336,0.20540000000000003
1984-03-01,-1.6632,0.6133,-0.13380000000000003,1.1306,1.4299,-0.996,0.5049000000000001,0.45520000000000005,0.5225,1.3860000000000001,-0.06209999999999993,0.5365,1.4321000000000002,0.5968,2.5657,-0.5630999999999999,0.9459,1.6637,0.9771000000000001,3.5172000000000003,1.0611,2.3539,-0.5919,0.9159999999999999,-1.9835
1984-04-01,-4.6583000000000006,-2.5686,-1.3534000000000002,-0.8288000000000001,-1.7284000000000002,-2.0514,0.6780999999999999,-0.1866000000000001,-0.7240000000000001,-1.9802,-0.6157,0.1522,-1.03,-2.0653,-0.6487,-2.2923999999999998,-0.6980000000000001,-1.2971,-3.1161,-2.6541,0.6519999999999999,-1.4751,0.44320000000000004,0.8256999999999999,1.5253999999999999
1984-05-01,-6.9452,-5.0568,-6.0581000000000005,-4.1708,-4.2684,-6.7936000000000005,-5.6036,-5.7756,-4.8622000000000005,-4.8221,-6.7780000000000005,-6.3,-6.644,-4.7791,-7.4029,-4.7771,-4.9467,-6.8125,-6.1309000000000005,-8.3499,-5.992,-4.1211,-7.0787,-4.825,-7.0679
1984-06-01,0.6263000000000001,2.6905,1.3929,0.8727,0.47130000000000005,3.3413000000000004,3.5027,1.2154,2.0545,0.2690999999999999,5.6158,4.5477,0.055300000000000016,0.7977000000000001,-1.126,5.1945,3.7853000000000003,1.0437,0.7924,1.7992,2.7355,4.5636,1.2784,-1.7671,3.9939
1984-07-01,-8.0316,-5.8841,-5.473,-2.6319,-2.9916,-6.1051,-6.2094000000000005,-2.3098,-4.4235,-4.6026,-4.2904,-4.1643,-3.9387999999999996,-3.7575,-1.7938999999999998,-4.5839,-5.5027,-3.3366,-5.2884,-1.6806,-0.45729999999999993,-2.3470999999999997,-0.823,-3.8388,-3.1283999999999996
1984-08-01,10.6034,10.9129,7.8634,5.9651,7.894299999999999,15.0792,9.722,9.1256,8.3124,9.564,14.6013,12.0251,9.9839,11.2345,8.6425,12.0118,12.4051,11.5991,10.6383,9.2004,9.8509,9.5048,9.2044,10.8198,11.6851
1984-09-01,-3.4731,-2.4269,-0.45089999999999997,0.6146999999999999,1.5817,-6.4242,-0.4925,0.9885,0.5930000000000001,2.3494,-4.7375,0.5014,0.7692,1.1314000000000002,2.7493000000000003,-2.4954,-2.1452,-0.19469999999999998,0.5809000000000001,3.597,-3.5772999999999997,-2.3851,-1.3754,1.0390000000000001,2.2676000000000003
1984-10-01,-4.9839,-2.3912,-3.1739,-2.5629999999999997,-2.4071,-3.9524,-2.5048,-1.1616,-0.037900000000000045,-0.2511,-2.6737,-1.3818,0.36719999999999997,-2.6574,1.1322999999999999,-1.3703,-0.8672,-0.30279999999999996,-0.9387,0.7319,-0.12649999999999995,1.6730999999999998,0.26069999999999993,-1.4424000000000001,-2.4979
1984-11-01,-6.365600000000001,-4.7181,-2.1088,-2.0934999999999997,-1.7226,-6.5822,-2.7795,-1.0463,-0.7787999999999999,0.4897,-4.5801,-0.485,0.4033,0.9148000000000001,0.6636,-4.0129,-1.366,-1.7443,-0.07519999999999993,1.2542,-3.1807,-1.7193,-2.3750999999999998,-1.4665,0.6251
1984-12-01,-0.2822,0.35529999999999995,0.39990000000000003,-0.16300000000000003,0.12209999999999999,1.4903999999999997,1.5949,1.0939,1.6101,1.8929,3.8028,2.8704,0.2804,0.7227,1.2759,2.6351,1.0838999999999999,1.6016999999999997,2.3388,2.8411,1.9579,1.7502,2.159,2.4417999999999997,0.7180000000000001
1985-01-01,15.0535,14.4185,9.9491,9.437899999999999,7.8246,15.399399999999998,12.184199999999999,8.315299999999999,8.9903,8.4107,13.0577,9.8637,8.9721,8.457699999999999,7.546199999999999,11.5766,11.994299999999999,7.780199999999999,7.3896999999999995,5.650399999999999,8.9992,7.0451999999999995,6.8839,6.2501,3.8341
1985-02-01,3.2399,4.1499,2.789,2.1789,3.238,2.3188999999999997,2.6136,1.9011,1.436,0.6459,1.5225999999999997,0.33710000000000007,0.5607000000000001,0.8196,-1.1512,2.0322999999999998,-1.4141,1.4202,1.9100000000000001,0.5311,-0.23829999999999996,1.8889999999999998,0.9516000000000001,1.9324,2.1797
1985-03-01,-3.2682,-3.5605,-1.9739,-1.7711999999999999,-1.0448,-5.1768,-4.0633,-1.3972,-0.22820000000000001,2.3899999999999997,-4.9342,-1.6916000000000002,-2.8177000000000003,-0.025699999999999945,2.9981,-3.4612000000000003,-2.7147,-0.5157,0.1824,4.0077,-2.2306,0.4130999999999999,-1.2986,0.45509999999999995,0.9603
1985-04-01,-2.9949000000000003,-2.3960999999999997,-0.44649999999999995,-0.22299999999999998,-1.4677,-3.8838,-1.9348,-1.0219,1.7646,-0.05259999999999998,-2.0042999999999997,-2.4268,-1.032,2.0122999999999998,0.6562000000000001,-1.9914,-3.8345000000000002,-0.2116,0.22540000000000004,0.17690000000000006,-2.4238999999999997,-3.0232,-1.9997,0.5274000000000001,2.1845999999999997
1985-05-01,1.9118999999999997,3.4680999999999997,3.0237,1.9472,0.4314999999999999,3.2784,3.3444000000000003,2.4669,4.7217,2.2885999999999997,5.5084,4.8347999999999995,2.6414999999999997,3.6491999999999996,3.2803999999999998,6.0011,5.2456,4.859,3.6369,5.6453,5.1444,6.8965,8.0101,4.8979,3.9344
1985-06-01,-0.11980000000000002,0.005899999999999905,0.47829999999999995,0.6852,1.5723999999999998,0.30589999999999995,1.9547999999999999,1.8673,2.3671999999999995,2.9532999999999996,2.0841000000000003,1.3692,3.4722,1.8522,2.8166,1.3888,1.3544,1.72,3.0454,0.36249999999999993,0.10329999999999995,2.34,0.8335999999999999,-0.18880000000000002,1.7817999999999998
1985-07-01,1.9407,2.1679,1.8089,0.8935000000000001,1.5655999999999999,2.6106,2.8091,3.9604,-0.5884,0.2653,0.6239,2.159,0.814,0.3712,1.2766000000000002,-1.184,-0.22999999999999998,0.5539,-2.7393,0.28369999999999995,0.012700000000000045,-1.0957,-2.2775,-2.1317,-2.9838
1985-08-01,-2.2069,-1.5416,-1.209,-0.5815,-1.2705000000000002,-2.5042999999999997,-1.538,0.44699999999999995,-0.14680000000000004,-0.23420000000000002,-3.0033000000000003,-1.369,-0.5735,-1.2491,-0.0040999999999999925,-2.3798000000000004,-0.7854000000000001,0.44789999999999996,-0.15890000000000004,-0.3047000000000001,-2.3967,-0.5507000000000001,-1.0904,-0.22920000000000007,0.22329999999999994
1985-09-01,-8.664399999999999,-6.4677,-5.5226,-4.6126,-4.6769,-8.0361,-6.7973,-3.966,-4.122,-6.125299999999999,-7.3727,-5.0135,-3.7657000000000003,-4.464799999999999,-4.1373999999999995,-5.643599999999999,-4.671399999999999,-5.1928,-7.1046,-5.1968,-4.2542,-1.9081000000000001,-3.7397,-3.7344,-4.7367
1985-10-01,0.02859999999999996,1.2997,2.9202,2.5512,1.2046000000000001,3.4613,2.9755000000000003,3.4896,5.134399999999999,2.6277,3.3181000000000003,3.7885000000000004,3.7035000000000005,1.6598000000000002,2.7022,5.0733999999999995,4.710699999999999,3.6088,4.867299999999999,4.5827,3.0656,3.5681,4.1852,5.188599999999999,5.754899999999999
1985-11-01,4.805499999999999,5.8622,5.7504,4.401999999999999,3.9415,8.7535,6.6087,7.2092,6.302,6.112299999999999,7.0352,6.936299999999999,5.1951,5.7542,5.7581,8.1019,6.0873,7.7555000000000005,4.9018999999999995,4.4413,9.409,7.3723,7.2566999999999995,3.3767,4.108899999999999
1985-12-01,2.9377,4.6265,3.4772000000000003,3.3242000000000003,2.6859,4.4916,3.5924,4.7012,3.1201,-0.35800000000000004,4.935099999999999,3.8249,1.8765,2.031,4.646,3.0685000000000002,3.5275000000000003,2.1859,4.3328,4.882899999999999,6.170599999999999,3.0654,4.279,2.3389,3.7710000000000004
1986-01-01,3.2507,1.4836,2.0092,1.6069999999999998,2.562,0.46199999999999997,1.6132,0.17979999999999996,-0.34440000000000004,1.9171999999999998,1.2116,2.5272,1.0771,1.5878,2.0465,0.5751,-0.05630000000000002,1.405,2.1691,2.92,-0.13540000000000008,0.7619,1.1731,-1.9381000000000002,0.8609
1986-02-01,5.3156,5.9623,5.9803999999999995,7.315799999999999,4.9609,6.9247,6.5847999999999995,6.5767999999999995,8.744,4.5257,6.2364,9.0458,7.212899999999999,6.6636,5.8626,7.338699999999999,8.9478,6.4936,6.7383,7.0016,7.0432999999999995,9.5211,8.235000000000001,6.0032,6.6864
1986-03-01,4.0244,4.8281,4.4816,3.9244,5.912,3.0535,4.5407,5.1927,4.418200000000001,5.723800000000001,4.3975,6.761900000000001,4.489800000000001,5.3102,4.7786,5.3696,4.7,5.274500000000001,3.3722,4.3128,5.4032,6.6801,4.7412,4.1774000000000004,4.1372
1986-04-01,2.226,1.8161,0.3621,0.009099999999999997,-0.1023,1.8546,1.4288,-0.6273,0.5271999999999999,-2.0339,1.4719,1.8035,0.4302,0.6113999999999999,-1.6567,1.2590999999999999,-0.637,-1.5939,-2.9109,-5.2339,-0.0817,-1.4815,-2.7238,-3.346,-3.2427
1986-05-01,3.6366999999999994,3.0079000000000002,4.0205,3.3514999999999997,3.1993,2.7733999999999996,1.9109,5.0809999999999995,3.9463,1.7969000000000002,5.485799999999999,3.7391999999999994,5.5348,4.6861,2.9675000000000002,5.568,3.3086,5.2566999999999995,3.9265,3.8232999999999997,4.6948,5.7776,2.9109999999999996,6.0945,5.0565
1986-06-01,-0.357,-2.1458,-0.34840000000000004,0.8558999999999999,1.5452,0.1775,-0.352,1.8860999999999999,1.2804,1.7671999999999999,0.7646999999999999,-1.2898,1.7883999999999998,0.09240000000000004,1.8014000000000001,1.2464,0.5027999999999999,-0.42060000000000003,3.2587,0.7401,1.729,1.5636999999999999,0.53,0.1038,2.3981
1986-07-01,-10.6326,-9.0906,-8.916,-6.6777,-9.219999999999999,-11.9224,-10.3322,-9.399099999999999,-5.479100000000001,-7.377700000000001,-10.4897,-8.2358,-8.5366,-6.5647,-6.141299999999999,-9.0916,-8.074,-7.4397,-5.2332,-4.9963999999999995,-7.667999999999999,-6.374700000000001,-5.3948,-3.0272,-3.0913
1986-08-01,-0.16160000000000002,0.09910000000000002,1.8054999999999999,1.3407,1.2433,2.0380000000000003,3.7729,3.8335999999999997,5.0115,4.0985000000000005,3.761,3.355,5.4652,6.8703,8.0208,3.8144,5.8562,6.7681000000000004,9.742199999999999,9.0466,3.8636999999999997,6.0604000000000005,5.6606,9.8836,10.277199999999999
1986-09-01,-8.5938,-6.7029000000000005,-5.7436,-4.8972,-3.7248,-9.190999999999999,-6.1832,-5.2655,-2.8837,-6.1165,-8.3878,-8.0191,-4.771,-5.2408,-5.447,-9.7395,-6.7052000000000005,-8.061399999999999,-7.1821,-6.496700000000001,-10.852599999999999,-11.3773,-8.034699999999999,-8.3558,-6.8921
1986-10-01,1.463,2.3914,1.3760000000000001,2.6377,0.3273,5.9562,3.9962,2.6737,2.3399,1.055,5.2877,2.1785,0.7514000000000001,1.5800999999999998,2.1521,5.3607000000000005,6.1666,4.6719,5.3668000000000005,3.7794999999999996,4.4711,6.5561,6.3006,4.1503,5.4728
1986-11-01,-2.6703,-0.10550000000000004,-0.06259999999999999,0.01799999999999996,0.7978,-0.13040000000000002,-0.1013,-0.7469,-2.5347,-0.389,-0.3921,-0.03700000000000003,-1.4699,0.8221999999999999,-0.7977000000000001,0.9101,0.8096,1.1237,-1.6359,0.9062,2.2439999999999998,1.4638,2.3537999999999997,2.0965,1.3148
1986-12-01,-6.061100000000001,-2.5868,-4.0763,-2.6516,-3.7394,-3.5997000000000003,-2.1895,-3.8366999999999996,-3.4370000000000003,0.3661,-3.0651,-2.1782,-4.3392,-2.5601000000000003,-1.0098,-4.9495000000000005,-3.8396999999999997,-3.3628,-3.1162,-3.8440000000000003,-2.2912,-3.0206,-4.712000000000001,-3.316,-3.4640000000000004
1987-01-01,10.5683,9.8004,10.1102,9.2576,9.1877,13.145,12.0061,10.0902,9.1089,10.3228,13.7295,12.5734,8.3787,10.0888,9.7279,13.6393,11.7856,10.1708,11.8869,11.2906,13.1436,16.071099999999998,11.1536,12.0654,11.4864
1987-02-01,10.0075,7.9274000000000004,6.4908,6.7648,6.0014,9.2791,8.6411,5.9123,5.6029,5.1454,8.266,7.581200000000001,4.8651,3.8000000000000003,4.0521,6.5593,6.578600000000001,6.1844,2.7693,2.2428,7.848000000000001,5.4375,2.5239,-0.8766,-1.5231
1987-03-01,1.1424,3.3968999999999996,1.4627000000000001,2.907,4.0372,0.6198000000000001,2.5772000000000004,1.1695,2.2961,3.0126,-0.006999999999999951,0.9131,1.1297,2.144,2.7946,1.4999,1.0279,1.1994,1.3777,-1.7732999999999999,0.9706000000000001,1.7390999999999999,0.16349999999999998,2.5149,4.3329
1987-04-01,-2.7539,-2.7506,-2.7984999999999998,-0.9964999999999999,-1.7675999999999998,-4.3845,-2.8354,-3.383,-4.732600000000001,-5.2039,-2.6273999999999997,-2.5678,-4.9438,-2.3345000000000002,-3.2391,-4.027,-2.6151999999999997,-2.9478,-2.2311,-2.043,-1.6756,-1.6340999999999999,-2.5303,-1.1504,-0.9274
1987-05-01,-0.7097,-1.6572,-0.4497,0.19609999999999994,2.9111000000000002,-1.2765,-0.4283,-0.3306,-0.1673,0.129,0.3046,0.06779999999999997,-1.1965,-0.147,0.23770000000000002,1.5553,0.05930000000000002,-0.8894,-0.8717,0.38849999999999996,1.4863,-0.9302,-0.6277,0.38449999999999995,0.15139999999999998
1987-06-01,-0.638,0.9810000000000001,2.5842,1.4111,4.129899999999999,1.2376,2.572,3.0493,1.7993000000000001,3.5162,1.8462999999999998,1.2562,5.3035,5.0761,1.9214000000000002,4.6205,2.7126,3.7441,3.6237,3.2893,4.142899999999999,4.935499999999999,5.652100000000001,4.6647,4.6983999999999995
1987-07-01,1.1026,1.6785999999999999,1.4581,2.4319,4.9357,1.7492999999999999,1.5571000000000002,3.3255,2.9183,5.5001,2.0098000000000003,3.9789000000000003,3.3279,3.1241,7.6846000000000005,3.6965000000000003,4.4246,4.3702,3.5616000000000003,4.4589,5.4549,2.7086,5.7099,2.2068,2.5483000000000002
1987-08-01,0.33830000000000005,1.5992,2.2762000000000002,1.9812,0.25350000000000006,2.0768000000000004,3.3178,3.4753,2.0475000000000003,3.5589000000000004,3.3636,2.9477,4.299300000000001,3.0991,0.0726,4.1930000000000005,3.6099000000000006,3.3391,3.359,1.168,4.475700000000001,4.8266,3.0016,4.1584,2.1256000000000004
1987-09-01,-3.2183,-0.6970000000000001,-1.5735999999999999,-0.8973,-1.4595,-2.4269000000000003,-2.9459,-1.0947,-1.1064,-3.0241000000000002,-3.7342,-2.6882,-2.7379000000000002,-2.8224,-1.4837,-2.3361,-1.8162,-2.3506,-2.0409,-0.6054,-2.6747,-4.4973,-0.677,-2.5532000000000004,-3.1289000000000002
1987-10-01,-34.7653,-31.277900000000002,-29.193,-28.9583,-29.084300000000002,-33.084900000000005,-32.5413,-29.2601,-25.2616,-29.854100000000003,-30.2956,-29.076400000000003,-25.511300000000002,-23.059700000000003,-27.6598,-26.147100000000002,-29.285800000000002,-24.6245,-19.0999,-24.068,-22.2513,-23.0499,-22.628400000000003,-16.0467,-19.3014
1987-11-01,-8.6973,-5.2519,-5.1834999999999996,-4.7722,-3.9606,-7.5402,-5.7277,-4.0033,-3.6058,-3.2523,-7.1975,-2.7983000000000002,-3.1321,-3.4249,-4.6014,-6.7634,-6.7161,-6.3222,-4.7353,-2.7612,-9.9622,-8.7366,-8.616,-8.1046,-7.6162
1987-12-01,2.3367,4.969200000000001,5.0235,4.436,3.0274,11.418199999999999,8.948699999999999,6.368200000000001,6.9073,4.7038,11.9188,9.276,5.8782000000000005,4.441800000000001,6.215800000000001,12.633099999999999,10.440999999999999,8.7647,3.5366999999999997,3.5524,7.9248,7.024900000000001,7.641000000000001,2.8987,5.9051
1988-01-01,5.7419,6.674,4.2044,4.6931,5.9315999999999995,1.5709,3.0665999999999998,4.8286999999999995,3.824,6.2478,0.9770999999999999,3.2702999999999998,3.5888999999999998,7.2363,6.1508,-0.23679999999999998,4.3996,4.6826,5.1178,4.5529,1.9503,1.2623,4.8284,8.756,8.489700000000001
1988-02-01,5.5789,6.9826,7.2047,7.1549,7.1375,8.2203,11.7828,7.597600000000001,8.4004,7.9393,8.2243,7.4025,6.5795,6.7514,6.0283,8.133799999999999,8.9531,5.919,4.282,5.7562,4.1171,5.0337,4.2617,1.3513,2.6009
1988-03-01,3.8674000000000004,4.924899999999999,5.7287,4.7127,4.3,1.6309,6.428699999999999,3.661,2.5025,4.051399999999999,2.3298,0.5857000000000001,0.7529000000000001,-0.4744,0.8187,-1.4063,0.9649000000000001,-0.4717,-0.7232000000000001,3.0165,-5.0394000000000005,-4.681900000000001,-4.4245,-4.2524,-0.8302
1988-04-01,0.44580000000000003,0.7614000000000001,2.1931,0.47769999999999996,3.3702,1.7040000000000002,4.1541,2.1943,1.6604,1.6463999999999999,-1.2744,-0.22440000000000002,1.4523000000000001,-0.014500000000000013,1.8925999999999998,-0.6938,0.19359999999999994,1.3958,-1.1018000000000001,0.2551999999999999,-1.2068,0.6648000000000001,0.6506000000000001,2.0039000000000002,1.5737999999999999
1988-05-01,-4.134,-2.4574,-1.6639,-2.1795999999999998,-1.3822,-4.9424,-2.8432000000000004,-3.0917000000000003,-1.548,-1.0119,-1.2091,-2.2649999999999997,-1.5754,0.8908,0.36329999999999996,-1.6365,-1.1742,-0.9335,1.7726,0.7037,-0.3977,-0.2117,-0.7757000000000001,2.0155000000000003,1.5845
1988-06-01,5.958699999999999,6.2127,5.442699999999999,5.8088999999999995,4.2597,6.8126999999999995,10.5742,7.524699999999999,5.0561,7.9665,6.513,7.0126,6.0543,5.487699999999999,4.4936,7.0149,5.914499999999999,5.9868999999999994,3.4821,7.8946000000000005,3.6826999999999996,6.5685,5.0846,2.5929,2.5181000000000004
1988-07-01,-1.4358,-1.1594,-1.2259,0.5999000000000001,-1.6629,-3.2447999999999997,-2.7049000000000003,-0.5177,-0.11249999999999999,0.39139999999999997,-4.6404,-2.5755999999999997,-2.1837999999999997,-0.4091,-0.8775999999999999,-3.6656000000000004,-3.6914,-1.237,-0.4419,-0.22210000000000002,-1.5091999999999999,-1.4008,-0.1008,-0.4717,0.3772
1988-08-01,-4.6658,-3.1483999999999996,-1.6219000000000001,-2.0782,-2.6043,-4.8731,-4.8892999999999995,-2.6132999999999997,-1.3956,-1.3518,-4.6676,-3.2239999999999998,-2.7672999999999996,-0.46649999999999997,-1.5916000000000001,-4.1967,-3.6934,-1.7671999999999999,-0.4173,0.767,-3.4320999999999997,-5.764,-3.0879,-1.9421,-3.7645999999999997
1988-09-01,0.31279999999999997,2.6250999999999998,1.8483,1.3277,1.9537,2.1966,2.1553,2.1929,2.3247,2.139,3.0086,1.6717,2.112,0.8986999999999999,2.4335,3.9486999999999997,0.9345,3.2821,1.3698000000000001,3.982,5.1296,4.8094,1.4059999999999997,3.4530000000000003,3.4112999999999998
1988-10-01,-3.626,-2.5332,-1.6556000000000002,-2.9648,-1.4235,-2.8388,-1.0716,-0.2333,-0.4396,-1.1686,-2.2876,-0.4404,0.21250000000000002,0.23230000000000006,1.8980000000000001,-1.9526,0.09099999999999997,0.239,0.44200000000000006,1.963,1.2328999999999999,4.8925,1.0025,1.8057000000000003,3.5892000000000004
1988-11-01,-5.464300000000001,-5.1207,-3.9078999999999997,-3.9524999999999997,-4.8108,-4.6132,-3.8629,-2.3015,-3.6805999999999996,-2.6761999999999997,-3.4665,-3.2554,-4.3888,-1.4752,-2.0385,-2.2387,-2.9541999999999997,-4.0475,-2.2241,-1.6999999999999997,-2.4579,-1.6199,-2.4289,-1.0735,-0.22649999999999992
1988-12-01,1.0973000000000002,3.8522,2.544,4.1886,1.8759000000000001,4.5821000000000005,3.7298,3.3617,3.8923000000000005,1.9911000000000003,3.7365000000000004,3.3313,2.5819,1.8293,2.0413,2.5019,2.6548000000000003,0.9095000000000001,1.4463,-1.3567,1.9730000000000003,1.4335,1.1837,-0.0857,-0.6094
1989-01-01,4.51,5.3083,3.9670000000000005,3.9493,4.9004,3.2918000000000003,4.3165000000000004,4.2111,3.0568999999999997,6.7397,4.2154,4.7577,4.5338,3.5332,4.7675,4.2954,5.0191,5.3023,5.1269,7.9601999999999995,7.1753,6.2598,6.0096,5.8487,7.668
1989-02-01,-1.6625,-0.5579999999999999,0.23560000000000003,0.8152,1.0219,0.4317000000000001,1.1317,0.8343999999999999,0.36929999999999996,0.9649,-0.4928,0.04490000000000005,-0.4331,0.8449000000000001,-0.4205,-0.9401999999999999,-0.6027,-1.5974,-0.2731,0.7855,-3.6997999999999998,-3.3728,-3.2285,-2.3059,-3.1774
1989-03-01,0.4794999999999999,2.4748,4.1295,1.7602000000000002,2.2596000000000003,0.9940999999999999,1.4412000000000003,1.7471999999999999,0.9159,2.6146000000000003,1.6514000000000002,0.9423,0.7699999999999999,2.5312,2.0528,-0.9226000000000001,1.1189,2.4738,-0.030299999999999994,2.7832,2.2454,-0.12750000000000006,3.3184,2.0460000000000003,0.47319999999999995
1989-04-01,2.0014000000000003,2.5099,3.1754000000000002,2.0658,2.0865,4.0583,4.1471,4.3311,1.9821,4.6666,4.9025,3.309,3.9757,3.3062,3.1486,5.5784,4.6307,3.4254,4.7753,4.9008,5.4489,4.4662,4.3134,3.761,2.9692000000000003
1989-05-01,1.8571,5.0214,1.6511,2.7271,2.711,4.2622,1.4861999999999997,3.6824000000000003,2.8822,2.8768,4.9985,3.7880000000000003,3.0254,3.2973999999999997,3.2116999999999996,3.7828999999999997,2.076,2.6286,3.2104,5.1909,3.9299999999999997,2.0786,3.7069,3.5622,2.4979999999999998
1989-06-01,-4.0478000000000005,-2.4077,-3.2881,0.06720000000000004,-0.1519999999999999,-5.245,-2.099,-1.4773,-1.2393,-2.4978,-4.027,-2.2174,-1.9779,-0.3711,1.4848,-2.649,-2.2441,-0.5063,1.375,2.5701,-1.3784999999999998,-0.9662,-2.0484,-1.2933,0.1756000000000001
1989-07-01,2.0303000000000004,4.0316,1.6852000000000003,2.4269,0.9378,4.7497,4.2911,2.5952,3.2165999999999997,2.3958000000000004,4.5991,4.1594,2.4931,4.3084,2.6036,7.7678,7.8664,5.553999999999999,5.2907,5.8102,10.839300000000001,8.8053,6.0601,7.1162,5.9859
1989-08-01,1.5610000000000002,-0.6673,-0.06769999999999998,1.6562,0.9511000000000001,2.4703999999999997,2.1411,2.7393,2.9275,1.8517,2.3571,1.9565,4.4012,2.3451000000000004,1.4143000000000001,2.8925,3.2737999999999996,2.7469,2.8629,0.5093000000000001,-0.8583,1.5447,2.2332,0.9256,2.2157
1989-09-01,0.5373,-1.2497,-0.9409000000000001,-0.1271,-1.1628,1.6889000000000003,-0.44600000000000006,0.028799999999999937,0.13969999999999994,-1.6511,0.8516,-2.18,-1.9821,-0.8913,-1.4967000000000001,-0.308,-3.78,-4.0947000000000005,-1.4224,-0.006299999999999972,0.3841,-1.5129000000000001,-0.5105,0.08009999999999995,-1.2104
1989-10-01,-5.7504,-6.247599999999999,-5.6529,-5.2047,-7.3294999999999995,-5.8408,-7.5004,-5.6282,-6.356999999999999,-8.4925,-4.3974,-6.6158,-7.1286,-5.5697,-5.9081,-3.5016000000000003,-4.952999999999999,-7.6345,-3.7798000000000003,-5.1564,-0.5070000000000001,-4.177,-3.3971,-3.9096,-0.9134
1989-11-01,-1.2621,-0.6882999999999999,-1.3224,-0.9322999999999999,-1.66,-0.3660999999999999,0.7925,0.02410000000000001,0.9992000000000001,-1.5531,0.9133,1.5906000000000002,-0.9443999999999999,0.2450000000000001,1.846,1.6254,1.1762000000000001,-0.30529999999999996,-0.02059999999999995,0.0034000000000000696,1.2233,1.7243,2.0305,0.542,0.13030000000000008
1989-12-01,-1.2467000000000001,-1.6179999999999999,-1.6688999999999998,-1.4224999999999999,-2.3003,0.39249999999999996,-0.7358,0.2711,0.10540000000000005,-0.28559999999999997,-0.24919999999999998,-0.10299999999999998,-2.0969,1.3006000000000002,-0.33649999999999997,1.9203000000000001,1.4203000000000001,0.9739000000000001,0.7122,1.5098000000000003,0.0837,0.39350000000000007,3.9445,4.2818,0.4375000000000001
1990-01-01,-8.8064,-7.968,-5.6787,-7.2022,-6.8722,-9.7257,-10.229700000000001,-7.763800000000001,-8.0854,-9.5847,-10.203,-9.780800000000001,-8.54,-7.1311,-8.266,-7.597300000000001,-5.9289000000000005,-9.1568,-9.0847,-10.5303,-8.2033,-6.3348,-7.7212000000000005,-7.891100000000001,-6.4632000000000005
1990-02-01,1.3441,1.5087000000000002,0.5386000000000001,2.8787000000000003,0.9445,2.7479,3.0862000000000003,2.3042000000000002,2.7503,1.8094000000000001,2.7031,3.0061,1.6708000000000003,0.6876000000000001,2.5674,1.0569000000000002,1.0077000000000003,0.9173000000000001,1.2595,2.9617,-0.6527999999999999,1.2283,1.8049,0.8447000000000001,1.4863
1990-03-01,3.6562999999999994,1.6511,1.8460999999999999,3.0768,0.7377999999999999,4.000100000000001,4.126,4.349600000000001,2.5219,0.9007999999999999,4.476100000000001,2.1548,2.3615999999999997,0.4225,-0.8266,3.0875999999999997,3.6754000000000002,1.3220999999999998,1.2839,-1.0894,3.2136,3.1698,-0.19980000000000003,-0.10319999999999996,0.5622999999999999
1990-04-01,-3.1845,-3.3402,-2.5665,-3.2462,-4.2454,-4.724600000000001,-4.2667,-2.6534,-3.7209,-6.277799999999999,-3.0406999999999997,-2.5141,-4.1462,-6.0748,-6.644500000000001,-3.5051,-4.8629999999999995,-6.5458,-6.169499999999999,-6.631,-0.2879999999999999,-2.0206999999999997,-4.4674,-4.8492999999999995,-4.8309
1990-05-01,7.8247,5.794700000000001,5.245500000000001,3.5117999999999996,2.9939999999999998,9.9711,8.0881,4.9077,4.8392,2.9612,8.7167,8.1437,6.8643,3.8882999999999996,5.7714,10.3356,7.144900000000001,9.5334,6.7523,7.9695,10.975200000000001,10.4417,7.0403,5.7804,7.0116000000000005
1990-06-01,0.4182,1.3521,2.0686,-0.24359999999999998,-0.9398,-0.4944,0.22450000000000003,-1.6885,-0.5316,-1.2412999999999998,1.2848000000000002,-0.1582,-1.0366,-2.2106,-1.2425000000000002,-0.05989999999999995,-2.4162,-2.5448,-2.4295,-0.6535,2.8041,-2.7676,-2.9566,-4.1162,-0.9306
1990-07-01,-5.4239999999999995,-5.7032,-4.1749,-3.7161,-5.2299,-6.1377999999999995,-4.5377,-5.1373,-3.2519,-5.2844999999999995,-5.193,-2.1147,-3.9012000000000002,-5.5344999999999995,-4.933199999999999,-3.0318,-1.5225,-4.9529,-2.9439,-3.4979,-1.5205000000000002,-2.1778,1.4350999999999998,-2.0811,-2.7158
1990-08-01,-16.9487,-15.414200000000001,-13.3109,-11.715,-12.8931,-15.2032,-14.0933,-13.2063,-11.106,-11.8268,-14.4914,-14.058,-11.4623,-9.5666,-10.4977,-10.1343,-11.5571,-11.7039,-10.1344,-11.215,-9.3477,-10.780100000000001,-7.2629,-10.2019,-11.2543
1990-09-01,-11.108699999999999,-9.833599999999999,-8.7034,-7.5004,-9.2792,-10.4345,-9.6022,-9.3623,-7.5499,-9.1706,-10.0358,-7.7756,-7.3004999999999995,-8.7735,-8.78,-6.4495,-6.8793,-10.3384,-7.1354999999999995,-8.5525,-5.8159,-5.851999999999999,-2.1149999999999998,-7.2357,-8.033900000000001
1990-10-01,-7.288799999999999,-7.33,-7.0007,-6.2014,-7.967099999999999,-6.993399999999999,-5.9504,-5.0369,-4.8145,-8.2058,-5.7515,-5.6635,-4.8450999999999995,-3.1949,-5.5408,-1.3655,-4.0269,-8.0004,-1.9344999999999999,-3.0598,0.8493,-2.311,-1.6520000000000001,-0.24800000000000005,0.22949999999999993
1990-11-01,2.9351000000000003,5.132899999999999,3.4941,2.369,1.0537,11.2791,5.5916999999999994,6.4213,6.340599999999999,3.6988,10.3849,8.6339,7.1501,7.2143,6.5142999999999995,8.5557,7.3259,10.6955,8.5762,5.3301,5.8412999999999995,7.1726,5.3744,5.6604,3.7925
1990-12-01,-0.2517,-0.7947,-0.5306,1.6841999999999997,-0.2616,3.6667,5.260400000000001,3.7178,3.4176999999999995,3.2772,6.1485,3.7868999999999997,3.0469,3.2469,2.701,3.3669,3.266,4.284800000000001,3.8169999999999997,2.7653,2.7358,3.1003,1.0735000000000001,1.7972000000000001,0.2096
1991-01-01,7.2857,6.637600000000001,10.2385,8.3686,10.666500000000001,9.4961,6.0870999999999995,6.7699,5.8787,8.418000000000001,8.7378,8.640500000000001,6.5295000000000005,7.425700000000001,3.1678,7.881,3.4879000000000002,7.2852,3.8446000000000002,4.933400000000001,4.6721,5.343299999999999,1.3926,5.517799999999999,3.4629
1991-02-01,13.9742,11.541699999999999,13.2427,11.774799999999999,11.212299999999999,11.4272,9.7668,9.5869,7.8263,13.4436,9.002699999999999,10.152099999999999,8.0283,7.918699999999999,8.0587,8.2041,8.8891,8.3072,6.974399999999999,6.1358999999999995,7.7308,6.3729,4.6508,5.6036,7.491199999999999
1991-03-01,9.870000000000001,8.200700000000001,7.4726,6.249199999999999,7.326499999999999,7.247,4.7932,5.396,5.757199999999999,5.621099999999999,7.2738,2.3627000000000002,1.7810000000000001,4.2538,5.565499999999999,4.629099999999999,3.5902,2.9306,3.2364,2.5116,4.106299999999999,1.4586000000000001,-0.1084,1.3111000000000002,0.7591000000000001
1991-04-01,0.41479999999999995,0.6022000000000001,0.6507000000000001,0.10629999999999995,-0.02429999999999999,-2.1041,0.361,0.2601,1.3009,1.3142,-3.2832999999999997,-1.1982,2.4212999999999996,1.9405,0.8628,-1.5226000000000002,0.029799999999999938,2.7514000000000003,1.1599,-1.033,-0.5076,-0.5313,-0.4761,1.1028,-0.7052
1991-05-01,2.3205999999999998,3.2981,4.2325,2.8865,3.2083000000000004,4.9806,2.3478000000000003,5.395300000000001,2.8593,2.9263000000000003,3.192,6.2035,4.3603000000000005,3.9489,-0.23729999999999998,6.0956,2.623,5.3725000000000005,4.1654,4.6747000000000005,3.5151000000000003,4.8344000000000005,1.2041,3.8221,6.4652
1991-06-01,-7.4525,-4.1366000000000005,-4.4987,-4.413,-4.2056000000000004,-5.6612,-5.3225999999999996,-3.4975,-3.316,-6.2186,-5.1683,-4.9736,-3.9646,-2.5488,-5.0215,-5.7051,-4.6699,-6.3054,-3.8226999999999998,-4.196400000000001,-4.8308,-6.0738,-4.077,-5.5537,-4.3856
1991-07-01,2.3354,3.4935,1.8252,2.8987999999999996,1.9833999999999998,3.657,3.1089,2.4806999999999997,3.4278000000000004,1.5683999999999998,5.6880999999999995,3.5987999999999998,3.1908000000000003,2.1895,6.8837,5.483,3.2102000000000004,2.4466,3.7701000000000002,6.8479,5.7378,2.7934,4.3793999999999995,4.1864,0.3256
1991-08-01,3.2708,4.4366,2.9130000000000003,0.3423,2.3347,3.5335,2.98,3.2317,2.8384,3.2802000000000002,5.0615,3.7226,2.1062,3.649,5.7511,1.1177000000000001,1.5312000000000001,2.793,2.2305,2.6527,3.8533999999999997,0.2385,2.1952,0.9822,1.2997
1991-09-01,3.9690000000000003,2.1134,-0.25980000000000003,-0.17370000000000002,-1.9698,0.10320000000000001,0.35699999999999993,1.4987000000000001,0.5042,-2.0865,-0.3426,-0.9097,-1.227,0.2786,-4.180400000000001,-0.7866,-2.2014,-1.3119,-0.4898,-1.6917,-2.6806,-1.5418,-1.4437,0.06429999999999997,-4.2906
1991-10-01,6.1552,3.7295,1.4424000000000001,3.4183,0.8513000000000002,1.9074,0.9829000000000001,2.9899,0.1385,0.8906000000000001,2.3466,0.6075000000000002,1.2124000000000001,2.5263,3.1873,2.1046,0.24120000000000003,0.8685,1.8967,2.4339,1.1126,0.5223,1.5251000000000001,2.8462,0.0842
1991-11-01,-2.2520000000000002,-3.6017,-4.5458,-3.6772,-2.9895,-5.174099999999999,-6.923,-3.2805,-5.5493999999999994,-7.2633,-4.0035,-5.2261,-4.3639,-5.4769,-6.151599999999999,-2.6944,-5.2634,-4.3513,-3.5007,-6.5149,-1.4773999999999998,-5.9712,-5.9466,-4.1302,-8.723500000000001
1991-12-01,6.2170000000000005,3.2213000000000003,4.9421,4.0672,4.2712,11.0688,6.513,5.0401,5.3323,7.5963,14.1503,10.3765,7.2548,9.6406,10.8012,12.7553,8.396899999999999,10.2045,8.197099999999999,10.1756,14.900599999999999,8.939,7.9899,6.5495,12.507299999999999
